<?xml version = '1.0' encoding = 'UTF-8'?>
<Diagram class="oracle.dbtools.crest.swingui.relational.DPVRelational" name="Relational_1" id="93BB214B-B64C-8D14-1B87-D64C35540BF7">
<createdBy>SSDD</createdBy>
<modifiedBy>SSDD</modifiedBy>
<createdTime>2025-05-13 18:56:57 UTC</createdTime>
<autoRoute>false</autoRoute>
<boxInbox>true</boxInbox>
<showLegend>false</showLegend>
<showLabels>false</showLabels>
<showRelAttributes>false</showRelAttributes>
<gridEnabled>false</gridEnabled>
<showGrid>false</showGrid>
<diagramColor>-1</diagramColor>
<display>false</display>
<notation>1</notation>
<objectViews>
<OView class="oracle.dbtools.crest.swingui.relational.TVTable" oid="229ACDF9-339C-8025-643A-6351280153C7" otype="Table" vid="1AC42E6A-000F-1BA1-B94A-3A8C1C9649D5">
<hideElementsInCurrentOnly>false</hideElementsInCurrentOnly>
<bounds x="282" y="57" width="105" height="69"/>
</OView>
<OView class="oracle.dbtools.crest.swingui.relational.TVTable" oid="328A3EAB-312F-FF27-65C2-AC3FD9B57EB9" otype="Table" vid="0AAE2976-FE99-4C3F-71B7-11F2CB970568">
<hideElementsInCurrentOnly>false</hideElementsInCurrentOnly>
<bounds x="17" y="152" width="87" height="67"/>
</OView>
<OView class="oracle.dbtools.crest.swingui.relational.TVTable" oid="53BF4E15-7D1B-CF36-DDC1-103D2DC69D6A" otype="Table" vid="2D1C3104-6407-60B2-B72D-3EDFB6D34F91">
<hideElementsInCurrentOnly>false</hideElementsInCurrentOnly>
<bounds x="168" y="144" width="101" height="62"/>
</OView>
<OView class="oracle.dbtools.crest.swingui.relational.TVTable" oid="554DF329-94AE-628E-EAEE-F485BE20DEEE" otype="Table" vid="B0D63DD3-0580-25D2-0C1E-508BA8D135BF">
<hideElementsInCurrentOnly>false</hideElementsInCurrentOnly>
<bounds x="701" y="40" width="133" height="99"/>
</OView>
<OView class="oracle.dbtools.crest.swingui.relational.TVTable" oid="5FAF846F-DFD6-D6FC-3627-5D8251BD3C62" otype="Table" vid="B95886A4-CF8D-D359-5D97-BDD26F1B801C">
<hideElementsInCurrentOnly>false</hideElementsInCurrentOnly>
<bounds x="1044" y="343" width="99" height="55"/>
</OView>
<OView class="oracle.dbtools.crest.swingui.relational.TVTable" oid="662EB44B-6FCB-888D-8D71-C2A4D530C21A" otype="Table" vid="AA4D24A0-A17B-46C9-5A74-473C4875E86D">
<hideElementsInCurrentOnly>false</hideElementsInCurrentOnly>
<bounds x="715" y="200" width="70" height="85"/>
</OView>
<OView class="oracle.dbtools.crest.swingui.relational.TVTable" oid="87706932-C9F2-485E-683B-34F0E9CD0C09" otype="Table" vid="3F2D6AE0-C71A-D172-6EBF-5B5346681BCD">
<hideElementsInCurrentOnly>false</hideElementsInCurrentOnly>
<bounds x="465" y="217" width="139" height="138"/>
</OView>
<OView class="oracle.dbtools.crest.swingui.relational.TVTable" oid="8B66A9B4-44E5-F533-E6FC-057FD9B6FBD8" otype="Table" vid="8DCD481C-28D8-754D-4B6F-9D9A8801ABD9">
<hideElementsInCurrentOnly>false</hideElementsInCurrentOnly>
<bounds x="500" y="53" width="90" height="69"/>
</OView>
<OView class="oracle.dbtools.crest.swingui.relational.TVTable" oid="998D2C1E-6400-9456-799F-B5DF7E2B61E7" otype="Table" vid="64FD245E-00A0-C376-865F-0001116BC1C1">
<hideElementsInCurrentOnly>false</hideElementsInCurrentOnly>
<bounds x="48" y="582" width="70" height="64"/>
</OView>
<OView class="oracle.dbtools.crest.swingui.relational.TVTable" oid="A68E306E-64C7-4CE0-F5AA-3ED014AA0E44" otype="Table" vid="8778356B-D323-C072-201D-9346DE9BEA94">
<hideElementsInCurrentOnly>false</hideElementsInCurrentOnly>
<bounds x="907" y="103" width="138" height="96"/>
</OView>
<OView class="oracle.dbtools.crest.swingui.relational.TVTable" oid="A7D4D018-1290-6CFA-57DC-58AD2A24B73B" otype="Table" vid="86ADCC9D-1C8B-1192-F16C-0031C99602F1">
<hideElementsInCurrentOnly>false</hideElementsInCurrentOnly>
<bounds x="321" y="499" width="186" height="140"/>
</OView>
<OView class="oracle.dbtools.crest.swingui.relational.TVTable" oid="B28D9D6D-C709-5276-B555-1A4A134F3719" otype="Table" vid="E01F2AFD-2DC6-2472-8C5B-85529F31C0E6">
<hideElementsInCurrentOnly>false</hideElementsInCurrentOnly>
<bounds x="900" y="510" width="145" height="132"/>
</OView>
<OView class="oracle.dbtools.crest.swingui.relational.TVTable" oid="D1FA1841-B28D-7234-0DCA-7EF0A9FADE4F" otype="Table" vid="FAC22800-3261-AA89-6F48-C59289206271">
<hideElementsInCurrentOnly>false</hideElementsInCurrentOnly>
<bounds x="889" y="319" width="115" height="73"/>
</OView>
<OView class="oracle.dbtools.crest.swingui.relational.TVTable" oid="D7A6B533-EEE8-C22A-07D0-4EB7C45DB624" otype="Table" vid="FE2E9CDD-4B5A-39F6-1E1B-50C6F54BA6D1">
<hideElementsInCurrentOnly>false</hideElementsInCurrentOnly>
<bounds x="309" y="748" width="138" height="83"/>
</OView>
<OView class="oracle.dbtools.crest.swingui.relational.TVTable" oid="E1C063D8-89BC-0914-D65F-0DE743B0ED92" otype="Table" vid="DF416525-7301-1986-5047-411CCA46B6EF">
<hideElementsInCurrentOnly>false</hideElementsInCurrentOnly>
<bounds x="776" y="691" width="146" height="121"/>
</OView>
<OView class="oracle.dbtools.crest.swingui.relational.TVTable" oid="EC177AA3-E524-E06F-4551-2CF688FF0B11" otype="Table" vid="7723A9E9-427F-A227-2B76-6D19AB8D60D8">
<hideElementsInCurrentOnly>false</hideElementsInCurrentOnly>
<bounds x="663" y="451" width="144" height="125"/>
</OView>
<OView class="oracle.dbtools.crest.swingui.relational.TVTable" oid="F6BD3693-0CE8-8C18-7043-F4944D7E90A8" otype="Table" vid="A5CF6415-2706-C40F-B6F7-D26495BA72C7">
<hideElementsInCurrentOnly>false</hideElementsInCurrentOnly>
<bounds x="55" y="336" width="197" height="114"/>
</OView>
<OView class="oracle.dbtools.crest.swingui.relational.TVTable" oid="FC2AA750-AEAD-B5FB-4E1A-8C06A3C7E1BD" otype="Table" vid="7255CDF2-F9D5-4FA2-F893-41CAAF7E4CA1">
<hideElementsInCurrentOnly>false</hideElementsInCurrentOnly>
<bounds x="562" y="712" width="127" height="89"/>
</OView>
</objectViews>
<connectors>
<Connector class="oracle.dbtools.crest.swingui.relational.TVFKRelation" oid="26C4DB11-D96B-15C8-CD18-52B83513C75B" otype="FKIndexAssociation" vid_source="3F2D6AE0-C71A-D172-6EBF-5B5346681BCD" vid_target="86ADCC9D-1C8B-1192-F16C-0031C99602F1">
<hideElementsInCurrentOnly>false</hideElementsInCurrentOnly>
<backgroundColor>-16777216</backgroundColor>
<lineWidth>1</lineWidth>
<points>
<point x="486" y="355"/>
<point x="486" y="499"/>
</points>
</Connector>
<Connector class="oracle.dbtools.crest.swingui.relational.TVFKRelation" oid="31A446C5-1AFD-27B5-9956-4CF627E4AAE1" otype="FKIndexAssociation" vid_source="E01F2AFD-2DC6-2472-8C5B-85529F31C0E6" vid_target="7723A9E9-427F-A227-2B76-6D19AB8D60D8">
<hideElementsInCurrentOnly>false</hideElementsInCurrentOnly>
<backgroundColor>-16777216</backgroundColor>
<lineWidth>1</lineWidth>
<points>
<point x="900" y="543"/>
<point x="807" y="543"/>
</points>
</Connector>
<Connector class="oracle.dbtools.crest.swingui.relational.TVFKRelation" oid="4628067F-7FF9-2117-58C7-A97F8CA601F1" otype="FKIndexAssociation" vid_source="B0D63DD3-0580-25D2-0C1E-508BA8D135BF" vid_target="8DCD481C-28D8-754D-4B6F-9D9A8801ABD9">
<hideElementsInCurrentOnly>false</hideElementsInCurrentOnly>
<backgroundColor>-16777216</backgroundColor>
<lineWidth>1</lineWidth>
<points>
<point x="701" y="87"/>
<point x="590" y="87"/>
</points>
</Connector>
<Connector class="oracle.dbtools.crest.swingui.relational.TVFKRelation" oid="4F97934A-1EF9-7CF3-D213-DF0BDB905DFF" otype="FKIndexAssociation" vid_source="E01F2AFD-2DC6-2472-8C5B-85529F31C0E6" vid_target="DF416525-7301-1986-5047-411CCA46B6EF">
<hideElementsInCurrentOnly>false</hideElementsInCurrentOnly>
<backgroundColor>-16777216</backgroundColor>
<lineWidth>1</lineWidth>
<points>
<point x="911" y="642"/>
<point x="911" y="691"/>
</points>
</Connector>
<Connector class="oracle.dbtools.crest.swingui.relational.TVFKRelation" oid="53513390-ECF7-D6D7-F739-1569566484B0" otype="FKIndexAssociation" vid_source="7255CDF2-F9D5-4FA2-F893-41CAAF7E4CA1" vid_target="DF416525-7301-1986-5047-411CCA46B6EF">
<hideElementsInCurrentOnly>false</hideElementsInCurrentOnly>
<backgroundColor>-16777216</backgroundColor>
<lineWidth>1</lineWidth>
<points>
<point x="689" y="756"/>
<point x="776" y="756"/>
</points>
</Connector>
<Connector class="oracle.dbtools.crest.swingui.relational.TVFKRelation" oid="62F524B1-E4C8-6A0F-0F83-4459A49464AD" otype="FKIndexAssociation" vid_source="86ADCC9D-1C8B-1192-F16C-0031C99602F1" vid_target="FE2E9CDD-4B5A-39F6-1E1B-50C6F54BA6D1">
<hideElementsInCurrentOnly>false</hideElementsInCurrentOnly>
<backgroundColor>-16777216</backgroundColor>
<lineWidth>1</lineWidth>
<points>
<point x="384" y="639"/>
<point x="384" y="748"/>
</points>
</Connector>
<Connector class="oracle.dbtools.crest.swingui.relational.TVFKRelation" oid="68549979-7407-9517-4E60-31BEDAE7B86E" otype="FKIndexAssociation" vid_source="B95886A4-CF8D-D359-5D97-BDD26F1B801C" vid_target="E01F2AFD-2DC6-2472-8C5B-85529F31C0E6">
<hideElementsInCurrentOnly>false</hideElementsInCurrentOnly>
<backgroundColor>-16777216</backgroundColor>
<lineWidth>1</lineWidth>
<points>
<point x="1044" y="398"/>
<point x="1044" y="510"/>
</points>
</Connector>
<Connector class="oracle.dbtools.crest.swingui.relational.TVFKRelation" oid="705B615A-BCC7-73C8-C085-6D5FCBA1A291" otype="FKIndexAssociation" vid_source="AA4D24A0-A17B-46C9-5A74-473C4875E86D" vid_target="3F2D6AE0-C71A-D172-6EBF-5B5346681BCD">
<hideElementsInCurrentOnly>false</hideElementsInCurrentOnly>
<backgroundColor>-16777216</backgroundColor>
<lineWidth>1</lineWidth>
<points>
<point x="715" y="251"/>
<point x="604" y="251"/>
</points>
</Connector>
<Connector class="oracle.dbtools.crest.swingui.relational.TVFKRelation" oid="948BD275-959F-8E05-B45F-044C736CCACD" otype="FKIndexAssociation" vid_source="3F2D6AE0-C71A-D172-6EBF-5B5346681BCD" vid_target="1AC42E6A-000F-1BA1-B94A-3A8C1C9649D5">
<hideElementsInCurrentOnly>false</hideElementsInCurrentOnly>
<backgroundColor>-16777216</backgroundColor>
<lineWidth>1</lineWidth>
<points>
<point x="465" y="218"/>
<point x="369" y="126"/>
</points>
</Connector>
<Connector class="oracle.dbtools.crest.swingui.relational.TVFKRelation" oid="A3D76CB8-41F8-2532-2690-B082DA3B85EA" otype="FKIndexAssociation" vid_source="8778356B-D323-C072-201D-9346DE9BEA94" vid_target="FAC22800-3261-AA89-6F48-C59289206271">
<hideElementsInCurrentOnly>false</hideElementsInCurrentOnly>
<backgroundColor>-16777216</backgroundColor>
<lineWidth>1</lineWidth>
<points>
<point x="955" y="199"/>
<point x="955" y="319"/>
</points>
</Connector>
<Connector class="oracle.dbtools.crest.swingui.relational.TVFKRelation" oid="AE737E35-DD42-420A-FE11-D9335BAEB2B0" otype="FKIndexAssociation" vid_source="86ADCC9D-1C8B-1192-F16C-0031C99602F1" vid_target="7723A9E9-427F-A227-2B76-6D19AB8D60D8">
<hideElementsInCurrentOnly>false</hideElementsInCurrentOnly>
<backgroundColor>-16777216</backgroundColor>
<lineWidth>1</lineWidth>
<points>
<point x="507" y="537"/>
<point x="663" y="537"/>
</points>
</Connector>
<Connector class="oracle.dbtools.crest.swingui.relational.TVFKRelation" oid="DAD032B5-5866-52A8-3109-8685E1407C83" otype="FKIndexAssociation" vid_source="FAC22800-3261-AA89-6F48-C59289206271" vid_target="E01F2AFD-2DC6-2472-8C5B-85529F31C0E6">
<hideElementsInCurrentOnly>false</hideElementsInCurrentOnly>
<backgroundColor>-16777216</backgroundColor>
<lineWidth>1</lineWidth>
<points>
<point x="952" y="392"/>
<point x="952" y="510"/>
</points>
</Connector>
<Connector class="oracle.dbtools.crest.swingui.relational.TVFKRelation" oid="E96C67C1-6433-990F-A88E-EBCC50BBA63B" otype="FKIndexAssociation" vid_source="8DCD481C-28D8-754D-4B6F-9D9A8801ABD9" vid_target="1AC42E6A-000F-1BA1-B94A-3A8C1C9649D5">
<hideElementsInCurrentOnly>false</hideElementsInCurrentOnly>
<backgroundColor>-16777216</backgroundColor>
<lineWidth>1</lineWidth>
<points>
<point x="500" y="104"/>
<point x="387" y="104"/>
</points>
</Connector>
<Connector class="oracle.dbtools.crest.swingui.relational.TVFKRelation" oid="EAA17A83-EB0A-09F0-ADDC-8EC6BCA7DA99" otype="FKIndexAssociation" vid_source="A5CF6415-2706-C40F-B6F7-D26495BA72C7" vid_target="0AAE2976-FE99-4C3F-71B7-11F2CB970568">
<hideElementsInCurrentOnly>false</hideElementsInCurrentOnly>
<backgroundColor>-16777216</backgroundColor>
<lineWidth>1</lineWidth>
<points>
<point x="79" y="336"/>
<point x="79" y="219"/>
</points>
</Connector>
<Connector class="oracle.dbtools.crest.swingui.relational.TVFKRelation" oid="ED95BF44-9AF1-083F-20CE-7D87664B54EC" otype="FKIndexAssociation" vid_source="A5CF6415-2706-C40F-B6F7-D26495BA72C7" vid_target="2D1C3104-6407-60B2-B72D-3EDFB6D34F91">
<hideElementsInCurrentOnly>false</hideElementsInCurrentOnly>
<backgroundColor>-16777216</backgroundColor>
<lineWidth>1</lineWidth>
<points>
<point x="210" y="336"/>
<point x="210" y="206"/>
</points>
</Connector>
<Connector class="oracle.dbtools.crest.swingui.relational.TVFKRelation" oid="EFB23FC9-3D7F-0443-B176-8275C39A794D" otype="FKIndexAssociation" vid_source="3F2D6AE0-C71A-D172-6EBF-5B5346681BCD" vid_target="A5CF6415-2706-C40F-B6F7-D26495BA72C7">
<hideElementsInCurrentOnly>false</hideElementsInCurrentOnly>
<backgroundColor>-16777216</backgroundColor>
<lineWidth>1</lineWidth>
<points>
<point x="465" y="345"/>
<point x="252" y="345"/>
</points>
</Connector>
<Connector class="oracle.dbtools.crest.swingui.relational.TVFKRelation" oid="F01238FE-0D2D-1332-B012-A1F3169A166F" otype="FKIndexAssociation" vid_source="64FD245E-00A0-C376-865F-0001116BC1C1" vid_target="86ADCC9D-1C8B-1192-F16C-0031C99602F1">
<hideElementsInCurrentOnly>false</hideElementsInCurrentOnly>
<backgroundColor>-16777216</backgroundColor>
<lineWidth>1</lineWidth>
<points>
<point x="118" y="610"/>
<point x="321" y="610"/>
</points>
</Connector>
</connectors>
</Diagram>