<?xml version = '1.0' encoding = 'UTF-8'?>
<Diagram class="oracle.dbtools.crest.swingui.logical.DPVLogical" name="Logical" id="2D320D17-778F-BA59-6585-8255E1FBF512">
<createdBy>SSDD</createdBy>
<modifiedBy>SSDD</modifiedBy>
<createdTime>2025-05-13 18:26:34 UTC</createdTime>
<autoRoute>false</autoRoute>
<boxInbox>true</boxInbox>
<showLegend>false</showLegend>
<showLabels>false</showLabels>
<showRelAttributes>false</showRelAttributes>
<gridEnabled>false</gridEnabled>
<showGrid>false</showGrid>
<diagramColor>-1</diagramColor>
<display>false</display>
<notation>1</notation>
<objectViews>
<OView class="oracle.dbtools.crest.swingui.logical.TVEntity" oid="0387B1B6-CD71-3973-2EA8-90F3DEA99E72" otype="Entity" vid="2FBB5222-AE67-347A-5AC7-0FF7696C39AB">
<hideElementsInCurrentOnly>false</hideElementsInCurrentOnly>
<bounds x="48" y="582" width="70" height="64"/>
</OView>
<OView class="oracle.dbtools.crest.swingui.logical.TVEntity" oid="082ED75E-F3BF-6C62-186B-51166173A538" otype="Entity" vid="4046A29D-1EA8-E702-755C-CB90342E4F35">
<hideElementsInCurrentOnly>false</hideElementsInCurrentOnly>
<bounds x="500" y="53" width="90" height="69"/>
</OView>
<OView class="oracle.dbtools.crest.swingui.logical.TVEntity" oid="15C1E9E0-D1BF-F587-F2A3-CB8408822042" otype="Entity" vid="AF127731-02AD-2027-96A7-3F54D9849487">
<hideElementsInCurrentOnly>false</hideElementsInCurrentOnly>
<bounds x="168" y="144" width="101" height="62"/>
</OView>
<OView class="oracle.dbtools.crest.swingui.logical.TVEntity" oid="396AE4CD-72B8-2546-24D2-3666BB5FDF23" otype="Entity" vid="3C31ABC7-323D-C963-4154-312C57DF1F29">
<hideElementsInCurrentOnly>false</hideElementsInCurrentOnly>
<bounds x="465" y="217" width="139" height="138"/>
</OView>
<OView class="oracle.dbtools.crest.swingui.logical.TVEntity" oid="39EFDBC5-6D9E-EB36-EC6E-3988F153958A" otype="Entity" vid="30885E3C-98D6-9D5B-A791-75D9034720CA">
<hideElementsInCurrentOnly>false</hideElementsInCurrentOnly>
<bounds x="17" y="152" width="87" height="67"/>
</OView>
<OView class="oracle.dbtools.crest.swingui.logical.TVEntity" oid="5C75E038-6878-A2E4-2404-4B1BF1AA4520" otype="Entity" vid="0B1E8C96-3173-D8F7-B333-CEEFE732BA12">
<hideElementsInCurrentOnly>false</hideElementsInCurrentOnly>
<bounds x="55" y="336" width="197" height="114"/>
</OView>
<OView class="oracle.dbtools.crest.swingui.logical.TVEntity" oid="5E5346DD-BC86-6343-AA01-1F7BEDA98F6E" otype="Entity" vid="703B8B01-6473-6EFC-F659-48DB1AE0EBA8">
<hideElementsInCurrentOnly>false</hideElementsInCurrentOnly>
<bounds x="889" y="319" width="115" height="73"/>
</OView>
<OView class="oracle.dbtools.crest.swingui.logical.TVEntity" oid="5E9DA5C3-8EE6-FE71-2BFA-DEC23D2BE46F" otype="Entity" vid="0473299A-CC6D-A3A4-D000-1029A848AF1B">
<hideElementsInCurrentOnly>false</hideElementsInCurrentOnly>
<bounds x="1044" y="343" width="99" height="55"/>
</OView>
<OView class="oracle.dbtools.crest.swingui.logical.TVEntity" oid="6171E937-47CA-B538-E6FE-A597DEE77849" otype="Entity" vid="8E42A223-81AC-61C3-07C9-3ABC4F1D6951">
<hideElementsInCurrentOnly>false</hideElementsInCurrentOnly>
<bounds x="282" y="57" width="105" height="69"/>
</OView>
<OView class="oracle.dbtools.crest.swingui.logical.TVEntity" oid="6238CB4B-E149-04F8-3DAB-CE9D093E6FEC" otype="Entity" vid="646618A2-23F2-AA66-0936-3F13AD6FFDFB">
<hideElementsInCurrentOnly>false</hideElementsInCurrentOnly>
<bounds x="776" y="691" width="146" height="121"/>
</OView>
<OView class="oracle.dbtools.crest.swingui.logical.TVEntity" oid="62832613-F92F-BC3A-BD9D-6203A7734196" otype="Entity" vid="93C9185A-30CC-A9B0-2962-76B7171112C3">
<hideElementsInCurrentOnly>false</hideElementsInCurrentOnly>
<bounds x="321" y="499" width="186" height="140"/>
</OView>
<OView class="oracle.dbtools.crest.swingui.logical.TVEntity" oid="678B05E7-6758-71FC-3AEB-6A101933DBD3" otype="Entity" vid="EA9D7ABB-3047-3A70-E0C2-EE4DBFD28190">
<hideElementsInCurrentOnly>false</hideElementsInCurrentOnly>
<bounds x="562" y="712" width="127" height="89"/>
</OView>
<OView class="oracle.dbtools.crest.swingui.logical.TVEntity" oid="7356F64B-3609-A6C2-8DC9-5D148F323D17" otype="Entity" vid="D7A47184-8004-84D5-6047-F24C5747028F">
<hideElementsInCurrentOnly>false</hideElementsInCurrentOnly>
<bounds x="309" y="748" width="138" height="83"/>
</OView>
<OView class="oracle.dbtools.crest.swingui.logical.TVEntity" oid="7622DEE2-5C5A-ECD5-ED7F-340ED4478DBC" otype="Entity" vid="DDD04BF4-2576-BDDB-6D8C-D73EDD400E3F">
<hideElementsInCurrentOnly>false</hideElementsInCurrentOnly>
<bounds x="907" y="103" width="138" height="96"/>
</OView>
<OView class="oracle.dbtools.crest.swingui.logical.TVEntity" oid="7A66E4B2-788C-5EFB-AB3E-90EEE9802F98" otype="Entity" vid="39C0D149-BA47-EBFC-F273-7879E348CCAA">
<hideElementsInCurrentOnly>false</hideElementsInCurrentOnly>
<bounds x="663" y="451" width="144" height="125"/>
</OView>
<OView class="oracle.dbtools.crest.swingui.logical.TVEntity" oid="8C08322B-3BB2-5EE7-EF77-BAF5B5F2B832" otype="Entity" vid="FD2D25C5-8088-F87F-5755-B0890844EB1E">
<hideElementsInCurrentOnly>false</hideElementsInCurrentOnly>
<bounds x="900" y="510" width="145" height="132"/>
</OView>
<OView class="oracle.dbtools.crest.swingui.logical.TVEntity" oid="921ED18D-236C-0221-55AF-5120FC7B3AD7" otype="Entity" vid="F7357E27-4EBD-29E6-811A-20ED9E037BE2">
<hideElementsInCurrentOnly>false</hideElementsInCurrentOnly>
<bounds x="701" y="40" width="133" height="99"/>
</OView>
<OView class="oracle.dbtools.crest.swingui.logical.TVEntity" oid="CE59A5D8-195E-D36D-388E-DBB98B82B2C2" otype="Entity" vid="B28FCA40-3662-023B-EDA4-62FB8837C9F2">
<hideElementsInCurrentOnly>false</hideElementsInCurrentOnly>
<bounds x="715" y="200" width="70" height="85"/>
</OView>
</objectViews>
<connectors>
<Connector class="oracle.dbtools.crest.swingui.logical.TVRelation" oid="0D0723E6-2940-3946-45AA-555893C0A0A5" otype="Relation" vid_source="3C31ABC7-323D-C963-4154-312C57DF1F29" vid_target="8E42A223-81AC-61C3-07C9-3ABC4F1D6951">
<hideElementsInCurrentOnly>false</hideElementsInCurrentOnly>
<backgroundColor>-16777216</backgroundColor>
<lineWidth>1</lineWidth>
<points>
<point x="465" y="218"/>
<point x="369" y="126"/>
</points>
</Connector>
<Connector class="oracle.dbtools.crest.swingui.logical.TVRelation" oid="1283073B-22EA-6273-B643-28983AE7EA9A" otype="Relation" vid_source="0473299A-CC6D-A3A4-D000-1029A848AF1B" vid_target="FD2D25C5-8088-F87F-5755-B0890844EB1E">
<hideElementsInCurrentOnly>false</hideElementsInCurrentOnly>
<backgroundColor>-16777216</backgroundColor>
<lineWidth>1</lineWidth>
<points>
<point x="1044" y="398"/>
<point x="1044" y="510"/>
</points>
</Connector>
<Connector class="oracle.dbtools.crest.swingui.logical.TVRelation" oid="25820688-ED58-840F-B5DF-1BBF680253AD" otype="Relation" vid_source="DDD04BF4-2576-BDDB-6D8C-D73EDD400E3F" vid_target="703B8B01-6473-6EFC-F659-48DB1AE0EBA8">
<hideElementsInCurrentOnly>false</hideElementsInCurrentOnly>
<backgroundColor>-16777216</backgroundColor>
<lineWidth>1</lineWidth>
<points>
<point x="955" y="199"/>
<point x="955" y="319"/>
</points>
</Connector>
<Connector class="oracle.dbtools.crest.swingui.logical.TVRelation" oid="363303BE-2D7C-737D-6834-47228D9D6623" otype="Relation" vid_source="EA9D7ABB-3047-3A70-E0C2-EE4DBFD28190" vid_target="646618A2-23F2-AA66-0936-3F13AD6FFDFB">
<hideElementsInCurrentOnly>false</hideElementsInCurrentOnly>
<backgroundColor>-16777216</backgroundColor>
<lineWidth>1</lineWidth>
<points>
<point x="689" y="756"/>
<point x="776" y="756"/>
</points>
</Connector>
<Connector class="oracle.dbtools.crest.swingui.logical.TVRelation" oid="37E6B29F-6CA3-1D14-F259-FCA039844719" otype="Relation" vid_source="AF127731-02AD-2027-96A7-3F54D9849487" vid_target="0B1E8C96-3173-D8F7-B333-CEEFE732BA12">
<hideElementsInCurrentOnly>false</hideElementsInCurrentOnly>
<backgroundColor>-16777216</backgroundColor>
<lineWidth>1</lineWidth>
<points>
<point x="210" y="206"/>
<point x="210" y="336"/>
</points>
</Connector>
<Connector class="oracle.dbtools.crest.swingui.logical.TVRelation" oid="4BE68DE3-F415-393B-B655-14DCE823DA68" otype="Relation" vid_source="F7357E27-4EBD-29E6-811A-20ED9E037BE2" vid_target="4046A29D-1EA8-E702-755C-CB90342E4F35">
<hideElementsInCurrentOnly>false</hideElementsInCurrentOnly>
<backgroundColor>-16777216</backgroundColor>
<lineWidth>1</lineWidth>
<points>
<point x="701" y="87"/>
<point x="590" y="87"/>
</points>
</Connector>
<Connector class="oracle.dbtools.crest.swingui.logical.TVRelation" oid="538D3E4D-7A41-AB1D-02E2-0C77E613CBFB" otype="Relation" vid_source="93C9185A-30CC-A9B0-2962-76B7171112C3" vid_target="39C0D149-BA47-EBFC-F273-7879E348CCAA">
<hideElementsInCurrentOnly>false</hideElementsInCurrentOnly>
<backgroundColor>-16777216</backgroundColor>
<lineWidth>1</lineWidth>
<points>
<point x="507" y="537"/>
<point x="663" y="537"/>
</points>
</Connector>
<Connector class="oracle.dbtools.crest.swingui.logical.TVRelation" oid="645D80D7-14E5-488E-64BD-788EB9573F41" otype="Relation" vid_source="FD2D25C5-8088-F87F-5755-B0890844EB1E" vid_target="39C0D149-BA47-EBFC-F273-7879E348CCAA">
<hideElementsInCurrentOnly>false</hideElementsInCurrentOnly>
<backgroundColor>-16777216</backgroundColor>
<lineWidth>1</lineWidth>
<points>
<point x="900" y="543"/>
<point x="807" y="543"/>
</points>
</Connector>
<Connector class="oracle.dbtools.crest.swingui.logical.TVRelation" oid="7766052F-320E-6AA1-96DE-04DAE5B499BB" otype="Relation" vid_source="0B1E8C96-3173-D8F7-B333-CEEFE732BA12" vid_target="30885E3C-98D6-9D5B-A791-75D9034720CA">
<hideElementsInCurrentOnly>false</hideElementsInCurrentOnly>
<backgroundColor>-16777216</backgroundColor>
<lineWidth>1</lineWidth>
<points>
<point x="79" y="336"/>
<point x="79" y="219"/>
</points>
</Connector>
<Connector class="oracle.dbtools.crest.swingui.logical.TVRelation" oid="9EBBA53F-A709-6988-3644-FD1261EB4276" otype="Relation" vid_source="93C9185A-30CC-A9B0-2962-76B7171112C3" vid_target="D7A47184-8004-84D5-6047-F24C5747028F">
<hideElementsInCurrentOnly>false</hideElementsInCurrentOnly>
<backgroundColor>-16777216</backgroundColor>
<lineWidth>1</lineWidth>
<points>
<point x="384" y="639"/>
<point x="384" y="748"/>
</points>
</Connector>
<Connector class="oracle.dbtools.crest.swingui.logical.TVRelation" oid="BDE558CD-4B0B-58F2-2060-DA40BC1FCA62" otype="Relation" vid_source="4046A29D-1EA8-E702-755C-CB90342E4F35" vid_target="8E42A223-81AC-61C3-07C9-3ABC4F1D6951">
<hideElementsInCurrentOnly>false</hideElementsInCurrentOnly>
<backgroundColor>-16777216</backgroundColor>
<lineWidth>1</lineWidth>
<points>
<point x="500" y="104"/>
<point x="387" y="104"/>
</points>
</Connector>
<Connector class="oracle.dbtools.crest.swingui.logical.TVRelation" oid="C342BE2F-1EA0-47AF-D6DF-DA241BDE16FE" otype="Relation" vid_source="B28FCA40-3662-023B-EDA4-62FB8837C9F2" vid_target="3C31ABC7-323D-C963-4154-312C57DF1F29">
<hideElementsInCurrentOnly>false</hideElementsInCurrentOnly>
<backgroundColor>-16777216</backgroundColor>
<lineWidth>1</lineWidth>
<points>
<point x="715" y="251"/>
<point x="604" y="251"/>
</points>
</Connector>
<Connector class="oracle.dbtools.crest.swingui.logical.TVRelation" oid="DCFD613B-9ACB-F0C4-F085-F21148AF50FD" otype="Relation" vid_source="FD2D25C5-8088-F87F-5755-B0890844EB1E" vid_target="646618A2-23F2-AA66-0936-3F13AD6FFDFB">
<hideElementsInCurrentOnly>false</hideElementsInCurrentOnly>
<backgroundColor>-16777216</backgroundColor>
<lineWidth>1</lineWidth>
<points>
<point x="911" y="642"/>
<point x="911" y="691"/>
</points>
</Connector>
<Connector class="oracle.dbtools.crest.swingui.logical.TVRelation" oid="E49BE542-F9EC-F0B7-92E5-88AE24B0C2B4" otype="Relation" vid_source="2FBB5222-AE67-347A-5AC7-0FF7696C39AB" vid_target="93C9185A-30CC-A9B0-2962-76B7171112C3">
<hideElementsInCurrentOnly>false</hideElementsInCurrentOnly>
<backgroundColor>-16777216</backgroundColor>
<lineWidth>1</lineWidth>
<points>
<point x="118" y="610"/>
<point x="321" y="610"/>
</points>
</Connector>
<Connector class="oracle.dbtools.crest.swingui.logical.TVRelation" oid="E6B83343-0E6C-0E8F-081E-A83643D8600F" otype="Relation" vid_source="703B8B01-6473-6EFC-F659-48DB1AE0EBA8" vid_target="FD2D25C5-8088-F87F-5755-B0890844EB1E">
<hideElementsInCurrentOnly>false</hideElementsInCurrentOnly>
<backgroundColor>-16777216</backgroundColor>
<lineWidth>1</lineWidth>
<points>
<point x="952" y="392"/>
<point x="952" y="510"/>
</points>
</Connector>
<Connector class="oracle.dbtools.crest.swingui.logical.TVRelation" oid="EE48445B-C4A8-0724-3B52-AB57E5774AD7" otype="Relation" vid_source="3C31ABC7-323D-C963-4154-312C57DF1F29" vid_target="0B1E8C96-3173-D8F7-B333-CEEFE732BA12">
<hideElementsInCurrentOnly>false</hideElementsInCurrentOnly>
<backgroundColor>-16777216</backgroundColor>
<lineWidth>1</lineWidth>
<points>
<point x="465" y="345"/>
<point x="252" y="345"/>
</points>
</Connector>
<Connector class="oracle.dbtools.crest.swingui.logical.TVRelation" oid="F2BBC6E5-F72D-66EB-1D13-95E8008DC757" otype="Relation" vid_source="3C31ABC7-323D-C963-4154-312C57DF1F29" vid_target="93C9185A-30CC-A9B0-2962-76B7171112C3">
<hideElementsInCurrentOnly>false</hideElementsInCurrentOnly>
<backgroundColor>-16777216</backgroundColor>
<lineWidth>1</lineWidth>
<points>
<point x="486" y="355"/>
<point x="486" y="499"/>
</points>
</Connector>
</connectors>
</Diagram>