<?xml version = '1.0' encoding = 'UTF-8'?>
<Entity class="oracle.dbtools.crest.model.design.logical.Entity" directorySegmentName="seg_0" id="082ED75E-F3BF-6C62-186B-51166173A538" name="COMUNA">
<createdBy>SSDD</createdBy>
<createdTime>2025-05-13 18:31:11 UTC</createdTime>
<ownerDesignName>beta_base</ownerDesignName>
<engineerTo>
<item key="4EF3277E-7E04-22F9-AF32-94D5BA3E1E09" value="true"/>
</engineerTo>
<adequatelyNormalized>NO</adequatelyNormalized>
<expectedVolumes>0</expectedVolumes>
<fwdEngineeringStrategyName>Single Table</fwdEngineeringStrategyName>
<growthPercent>0</growthPercent>
<growthType>Year</growthType>
<maxVolumes>9999999</maxVolumes>
<minVolumes>0</minVolumes>
<normalForm>Third</normalForm>
<attributes itemClass="oracle.dbtools.crest.model.design.logical.Attribute">
<Attribute name="id_comuna" id="9733DF23-8002-D47A-DCEA-3F0139B28663">
<createdBy>bruno</createdBy>
<createdTime>2025-05-14 10:57:35 UTC</createdTime>
<ownerDesignName>beta_base</ownerDesignName>
<engineerTo>
<item key="4EF3277E-7E04-22F9-AF32-94D5BA3E1E09" value="true"/>
</engineerTo>
<useDomainConstraints>false</useDomainConstraints>
<use>1</use>
<logicalDatatype>LOGDT011</logicalDatatype>
<ownDataTypeParameters>,,</ownDataTypeParameters>
</Attribute>
<Attribute name="nombre" id="1E37F89D-ED24-6395-9717-2BFBBE493651">
<createdBy>bruno</createdBy>
<createdTime>2025-05-14 10:57:52 UTC</createdTime>
<ownerDesignName>beta_base</ownerDesignName>
<engineerTo>
<item key="4EF3277E-7E04-22F9-AF32-94D5BA3E1E09" value="true"/>
</engineerTo>
<useDomainConstraints>false</useDomainConstraints>
<use>1</use>
<logicalDatatype>LOGDT024</logicalDatatype>
<dataTypeSize>20</dataTypeSize>
<ownDataTypeParameters>20,,</ownDataTypeParameters>
</Attribute>
<Attribute name="id_region" id="C1C1D092-5F4C-E9C0-66D8-ACFAA9B86E43">
<createdBy>Citt</createdBy>
<createdTime>2025-05-16 16:45:52 UTC</createdTime>
<generatorID>4BE68DE3-F415-393B-B655-14DCE823DA68</generatorID>
<ownerDesignName>beta_base</ownerDesignName>
<engineerTo>
<item key="4EF3277E-7E04-22F9-AF32-94D5BA3E1E09" value="true"/>
</engineerTo>
<referedAttribute>26F6B3C1-E4A4-7A44-C606-800E851DD2EC</referedAttribute>
<useDomainConstraints>false</useDomainConstraints>
<use>1</use>
<logicalDatatype>LOGDT011</logicalDatatype>
<ownDataTypeParameters>,,</ownDataTypeParameters>
</Attribute>
</attributes>
<identifiers itemClass="oracle.dbtools.crest.model.design.logical.CandidateKey">
<identifier id="F48D6B8A-65FA-56B7-7CC5-9E032D8F214E" name="COMUNA PK">
<createdBy>bruno</createdBy>
<createdTime>2025-05-14 10:57:50 UTC</createdTime>
<ownerDesignName>beta_base</ownerDesignName>
<engineerTo>
<item key="4EF3277E-7E04-22F9-AF32-94D5BA3E1E09" value="true"/>
</engineerTo>
<pk>true</pk>
<usedAttributes>
<attributeRef>9733DF23-8002-D47A-DCEA-3F0139B28663</attributeRef>
<attributeRef>C1C1D092-5F4C-E9C0-66D8-ACFAA9B86E43</attributeRef>
</usedAttributes>
</identifier>
</identifiers>
</Entity>