<?xml version = '1.0' encoding = 'UTF-8'?>
<Entity class="oracle.dbtools.crest.model.design.logical.Entity" directorySegmentName="seg_0" id="39EFDBC5-6D9E-EB36-EC6E-3988F153958A" name="TIPO_SOP">
<createdBy>bruno</createdBy>
<createdTime>2025-05-14 11:05:33 UTC</createdTime>
<ownerDesignName>beta_base</ownerDesignName>
<engineerTo>
<item key="4EF3277E-7E04-22F9-AF32-94D5BA3E1E09" value="true"/>
</engineerTo>
<adequatelyNormalized>NO</adequatelyNormalized>
<expectedVolumes>0</expectedVolumes>
<fwdEngineeringStrategyName>Single Table</fwdEngineeringStrategyName>
<growthPercent>0</growthPercent>
<growthType>Year</growthType>
<maxVolumes>9999999</maxVolumes>
<minVolumes>0</minVolumes>
<normalForm>Third</normalForm>
<attributes itemClass="oracle.dbtools.crest.model.design.logical.Attribute">
<Attribute name="id_soporte" id="9C3BE9CF-7462-90A0-18E6-18980EBA1EDE">
<createdBy>bruno</createdBy>
<createdTime>2025-05-14 11:06:03 UTC</createdTime>
<ownerDesignName>beta_base</ownerDesignName>
<engineerTo>
<item key="4EF3277E-7E04-22F9-AF32-94D5BA3E1E09" value="true"/>
</engineerTo>
<useDomainConstraints>false</useDomainConstraints>
<use>1</use>
<logicalDatatype>LOGDT011</logicalDatatype>
<ownDataTypeParameters>,,</ownDataTypeParameters>
</Attribute>
<Attribute name="nombre" id="1AC5C764-11C9-2D50-BBF5-5A69E38D2AEA">
<createdBy>bruno</createdBy>
<createdTime>2025-05-14 11:06:24 UTC</createdTime>
<ownerDesignName>beta_base</ownerDesignName>
<engineerTo>
<item key="4EF3277E-7E04-22F9-AF32-94D5BA3E1E09" value="true"/>
</engineerTo>
<useDomainConstraints>false</useDomainConstraints>
<use>1</use>
<logicalDatatype>LOGDT024</logicalDatatype>
<dataTypeSize>10</dataTypeSize>
<ownDataTypeParameters>10,,</ownDataTypeParameters>
</Attribute>
<Attribute name="id_ticket" id="4B0DFA9E-02D0-6B8D-637B-F1B1FECC4A73">
<createdBy>bruno</createdBy>
<createdTime>2025-05-14 11:07:13 UTC</createdTime>
<generatorID>7766052F-320E-6AA1-96DE-04DAE5B499BB</generatorID>
<ownerDesignName>beta_base</ownerDesignName>
<engineerTo>
<item key="4EF3277E-7E04-22F9-AF32-94D5BA3E1E09" value="true"/>
</engineerTo>
<referedAttribute>834AD2B7-2CBB-EA29-27AF-C47AE2C892ED</referedAttribute>
<useDomainConstraints>false</useDomainConstraints>
<use>1</use>
<logicalDatatype>LOGDT011</logicalDatatype>
<ownDataTypeParameters>,,</ownDataTypeParameters>
</Attribute>
</attributes>
<identifiers itemClass="oracle.dbtools.crest.model.design.logical.CandidateKey">
<identifier id="55AF7CE4-0325-C3AF-0D68-FDD3724C92D6" name="TIPO_SOP PK">
<createdBy>bruno</createdBy>
<createdTime>2025-05-14 11:06:22 UTC</createdTime>
<ownerDesignName>beta_base</ownerDesignName>
<engineerTo>
<item key="4EF3277E-7E04-22F9-AF32-94D5BA3E1E09" value="true"/>
</engineerTo>
<pk>true</pk>
<usedAttributes>
<attributeRef>9C3BE9CF-7462-90A0-18E6-18980EBA1EDE</attributeRef>
</usedAttributes>
</identifier>
</identifiers>
</Entity>