<?xml version = '1.0' encoding = 'UTF-8'?>
<Entity class="oracle.dbtools.crest.model.design.logical.Entity" directorySegmentName="seg_0" id="6171E937-47CA-B538-E6FE-A597DEE77849" name="DIRECCION">
<createdBy>SSDD</createdBy>
<createdTime>2025-05-13 18:28:02 UTC</createdTime>
<ownerDesignName>beta_base</ownerDesignName>
<engineerTo>
<item key="4EF3277E-7E04-22F9-AF32-94D5BA3E1E09" value="true"/>
</engineerTo>
<adequatelyNormalized>NO</adequatelyNormalized>
<expectedVolumes>0</expectedVolumes>
<fwdEngineeringStrategyName>Single Table</fwdEngineeringStrategyName>
<growthPercent>0</growthPercent>
<growthType>Year</growthType>
<maxVolumes>9999999</maxVolumes>
<minVolumes>0</minVolumes>
<normalForm>Third</normalForm>
<attributes itemClass="oracle.dbtools.crest.model.design.logical.Attribute">
<Attribute name="id_usuario" id="E06C54DD-8703-25FA-B2F2-68D5EC160956">
<createdBy>SSDD</createdBy>
<createdTime>2025-05-13 18:56:43 UTC</createdTime>
<generatorID>0D0723E6-2940-3946-45AA-555893C0A0A5</generatorID>
<ownerDesignName>beta_base</ownerDesignName>
<engineerTo>
<item key="4EF3277E-7E04-22F9-AF32-94D5BA3E1E09" value="true"/>
</engineerTo>
<referedAttribute>FF99958A-6127-E76D-E994-85E3B7024A3A</referedAttribute>
<useDomainConstraints>false</useDomainConstraints>
<use>1</use>
<logicalDatatype>LOGDT011</logicalDatatype>
<ownDataTypeParameters>,,</ownDataTypeParameters>
</Attribute>
<Attribute name="id_direccion" id="A02FC531-9941-84A9-C5BE-4102F7591D2E">
<createdBy>bruno</createdBy>
<createdTime>2025-05-14 10:16:40 UTC</createdTime>
<ownerDesignName>beta_base</ownerDesignName>
<engineerTo>
<item key="4EF3277E-7E04-22F9-AF32-94D5BA3E1E09" value="true"/>
</engineerTo>
<useDomainConstraints>false</useDomainConstraints>
<use>1</use>
<logicalDatatype>LOGDT011</logicalDatatype>
<ownDataTypeParameters>,,</ownDataTypeParameters>
</Attribute>
<Attribute name="calle" id="8BDD7C05-4FA2-DFB2-F8E6-DC4720AACC39">
<createdBy>bruno</createdBy>
<createdTime>2025-05-14 10:17:30 UTC</createdTime>
<ownerDesignName>beta_base</ownerDesignName>
<engineerTo>
<item key="4EF3277E-7E04-22F9-AF32-94D5BA3E1E09" value="true"/>
</engineerTo>
<useDomainConstraints>false</useDomainConstraints>
<use>1</use>
<logicalDatatype>LOGDT024</logicalDatatype>
<dataTypeSize>20</dataTypeSize>
<ownDataTypeParameters>20,,</ownDataTypeParameters>
</Attribute>
<Attribute name="numero" id="429651B5-3FAE-3769-8E6D-81318D1A581D">
<createdBy>bruno</createdBy>
<createdTime>2025-05-14 10:18:01 UTC</createdTime>
<ownerDesignName>beta_base</ownerDesignName>
<engineerTo>
<item key="4EF3277E-7E04-22F9-AF32-94D5BA3E1E09" value="true"/>
</engineerTo>
<useDomainConstraints>false</useDomainConstraints>
<use>1</use>
<logicalDatatype>LOGDT011</logicalDatatype>
<ownDataTypeParameters>,,</ownDataTypeParameters>
</Attribute>
<Attribute name="id_comuna" id="E71011DE-4591-F366-BDBC-F46D1809FC69">
<createdBy>Citt</createdBy>
<createdTime>2025-05-16 16:46:13 UTC</createdTime>
<generatorID>BDE558CD-4B0B-58F2-2060-DA40BC1FCA62</generatorID>
<ownerDesignName>beta_base</ownerDesignName>
<engineerTo>
<item key="4EF3277E-7E04-22F9-AF32-94D5BA3E1E09" value="true"/>
</engineerTo>
<referedAttribute>9733DF23-8002-D47A-DCEA-3F0139B28663</referedAttribute>
<useDomainConstraints>false</useDomainConstraints>
<use>1</use>
<logicalDatatype>LOGDT011</logicalDatatype>
<ownDataTypeParameters>,,</ownDataTypeParameters>
</Attribute>
<Attribute name="id_region" id="0EBD14E2-9B77-04B1-F06A-AC267123E8C8">
<createdBy>Citt</createdBy>
<createdTime>2025-05-16 16:46:13 UTC</createdTime>
<generatorID>BDE558CD-4B0B-58F2-2060-DA40BC1FCA62</generatorID>
<ownerDesignName>beta_base</ownerDesignName>
<engineerTo>
<item key="4EF3277E-7E04-22F9-AF32-94D5BA3E1E09" value="true"/>
</engineerTo>
<referedAttribute>C1C1D092-5F4C-E9C0-66D8-ACFAA9B86E43</referedAttribute>
<useDomainConstraints>false</useDomainConstraints>
<use>1</use>
<logicalDatatype>LOGDT011</logicalDatatype>
<ownDataTypeParameters>,,</ownDataTypeParameters>
</Attribute>
</attributes>
<identifiers itemClass="oracle.dbtools.crest.model.design.logical.CandidateKey">
<identifier id="4028CE2D-AA46-1DB4-F06B-5252E6304EC0" name="DIRECCION PK">
<createdBy>bruno</createdBy>
<createdTime>2025-05-14 10:17:29 UTC</createdTime>
<ownerDesignName>beta_base</ownerDesignName>
<engineerTo>
<item key="4EF3277E-7E04-22F9-AF32-94D5BA3E1E09" value="true"/>
</engineerTo>
<pk>true</pk>
<usedAttributes>
<attributeRef>A02FC531-9941-84A9-C5BE-4102F7591D2E</attributeRef>
<attributeRef>E71011DE-4591-F366-BDBC-F46D1809FC69</attributeRef>
<attributeRef>0EBD14E2-9B77-04B1-F06A-AC267123E8C8</attributeRef>
</usedAttributes>
</identifier>
</identifiers>
</Entity>