<?xml version = '1.0' encoding = 'UTF-8'?>
<Entity class="oracle.dbtools.crest.model.design.logical.Entity" directorySegmentName="seg_0" id="6238CB4B-E149-04F8-3DAB-CE9D093E6FEC" name="SEGUIMIENTO">
<createdBy>SSDD</createdBy>
<createdTime>2025-05-13 18:32:42 UTC</createdTime>
<ownerDesignName>beta_base</ownerDesignName>
<engineerTo>
<item key="4EF3277E-7E04-22F9-AF32-94D5BA3E1E09" value="true"/>
</engineerTo>
<adequatelyNormalized>NO</adequatelyNormalized>
<expectedVolumes>0</expectedVolumes>
<fwdEngineeringStrategyName>Single Table</fwdEngineeringStrategyName>
<growthPercent>0</growthPercent>
<growthType>Year</growthType>
<maxVolumes>9999999</maxVolumes>
<minVolumes>0</minVolumes>
<normalForm>Third</normalForm>
<attributes itemClass="oracle.dbtools.crest.model.design.logical.Attribute">
<Attribute name="id_seguimiento" id="D8831CA5-D69F-EDF5-BD41-1EFE0980ADEF">
<createdBy>Citt</createdBy>
<createdTime>2025-05-16 16:48:36 UTC</createdTime>
<ownerDesignName>beta_base</ownerDesignName>
<engineerTo>
<item key="4EF3277E-7E04-22F9-AF32-94D5BA3E1E09" value="true"/>
</engineerTo>
<useDomainConstraints>false</useDomainConstraints>
<use>1</use>
<logicalDatatype>LOGDT011</logicalDatatype>
<ownDataTypeParameters>,,</ownDataTypeParameters>
</Attribute>
<Attribute name="observacion" id="1EAF84E1-8D42-71DC-EBE2-9FB549D9CAE6">
<createdBy>bruno</createdBy>
<createdTime>2025-05-14 10:10:59 UTC</createdTime>
<ownerDesignName>beta_base</ownerDesignName>
<engineerTo>
<item key="4EF3277E-7E04-22F9-AF32-94D5BA3E1E09" value="true"/>
</engineerTo>
<nullsAllowed>true</nullsAllowed>
<useDomainConstraints>false</useDomainConstraints>
<use>1</use>
<logicalDatatype>LOGDT024</logicalDatatype>
<dataTypeSize>100</dataTypeSize>
<ownDataTypeParameters>100,,</ownDataTypeParameters>
</Attribute>
<Attribute name="id_mantencion" id="A98CF3F2-A466-AF46-3792-9E4AF7D2511B">
<createdBy>bruno</createdBy>
<createdTime>2025-05-14 10:12:01 UTC</createdTime>
<generatorID>363303BE-2D7C-737D-6834-47228D9D6623</generatorID>
<ownerDesignName>beta_base</ownerDesignName>
<engineerTo>
<item key="4EF3277E-7E04-22F9-AF32-94D5BA3E1E09" value="true"/>
</engineerTo>
<referedAttribute>20F9288B-79F2-875D-75DF-A99D79753B98</referedAttribute>
<useDomainConstraints>false</useDomainConstraints>
<use>1</use>
<logicalDatatype>LOGDT011</logicalDatatype>
<ownDataTypeParameters>,,</ownDataTypeParameters>
</Attribute>
<Attribute name="id_modelo" id="B146CECF-2BEE-5A1F-EEB8-C7208E02A1A6">
<createdBy>Citt</createdBy>
<createdTime>2025-05-16 16:48:03 UTC</createdTime>
<generatorID>DCFD613B-9ACB-F0C4-F085-F21148AF50FD</generatorID>
<ownerDesignName>beta_base</ownerDesignName>
<engineerTo>
<item key="4EF3277E-7E04-22F9-AF32-94D5BA3E1E09" value="true"/>
</engineerTo>
<referedAttribute>3C5D37DD-2D85-8F12-6DEE-0D78857D3F40</referedAttribute>
<useDomainConstraints>false</useDomainConstraints>
<use>1</use>
<logicalDatatype>LOGDT011</logicalDatatype>
<ownDataTypeParameters>,,</ownDataTypeParameters>
</Attribute>
<Attribute name="fecha_actualizacion" id="B0B92229-11AF-DF4E-729D-B4866F314FC4">
<createdBy>Citt</createdBy>
<createdTime>2025-05-16 16:49:35 UTC</createdTime>
<ownerDesignName>beta_base</ownerDesignName>
<engineerTo>
<item key="4EF3277E-7E04-22F9-AF32-94D5BA3E1E09" value="true"/>
</engineerTo>
<useDomainConstraints>false</useDomainConstraints>
<use>1</use>
<logicalDatatype>LOGDT007</logicalDatatype>
<ownDataTypeParameters>,,</ownDataTypeParameters>
</Attribute>
</attributes>
<identifiers itemClass="oracle.dbtools.crest.model.design.logical.CandidateKey">
<identifier id="0EB7749E-3F9C-B3A7-9F12-780AA5F3B007" name="SEGUIMIENTO PK">
<createdBy>bruno</createdBy>
<createdTime>2025-05-14 10:08:27 UTC</createdTime>
<ownerDesignName>beta_base</ownerDesignName>
<engineerTo>
<item key="4EF3277E-7E04-22F9-AF32-94D5BA3E1E09" value="true"/>
</engineerTo>
<pk>true</pk>
<usedAttributes>
<attributeRef>D8831CA5-D69F-EDF5-BD41-1EFE0980ADEF</attributeRef>
</usedAttributes>
</identifier>
</identifiers>
</Entity>