<?xml version = '1.0' encoding = 'UTF-8'?>
<Entity class="oracle.dbtools.crest.model.design.logical.Entity" directorySegmentName="seg_0" id="7356F64B-3609-A6C2-8DC9-5D148F323D17" name="PROCESO">
<createdBy>SSDD</createdBy>
<createdTime>2025-05-13 18:27:04 UTC</createdTime>
<ownerDesignName>beta_base</ownerDesignName>
<engineerTo>
<item key="4EF3277E-7E04-22F9-AF32-94D5BA3E1E09" value="true"/>
</engineerTo>
<adequatelyNormalized>NO</adequatelyNormalized>
<expectedVolumes>0</expectedVolumes>
<fwdEngineeringStrategyName>Single Table</fwdEngineeringStrategyName>
<growthPercent>0</growthPercent>
<growthType>Year</growthType>
<maxVolumes>9999999</maxVolumes>
<minVolumes>0</minVolumes>
<normalForm>Third</normalForm>
<attributes itemClass="oracle.dbtools.crest.model.design.logical.Attribute">
<Attribute name="id_usuario" id="1E765BC8-A33D-98D7-5B71-D89C181FE53B">
<createdBy>SSDD</createdBy>
<createdTime>2025-05-13 18:56:43 UTC</createdTime>
<generatorID>9EBBA53F-A709-6988-3644-FD1261EB4276</generatorID>
<ownerDesignName>beta_base</ownerDesignName>
<engineerTo>
<item key="4EF3277E-7E04-22F9-AF32-94D5BA3E1E09" value="true"/>
</engineerTo>
<referedAttribute>FF99958A-6127-E76D-E994-85E3B7024A3A</referedAttribute>
<useDomainConstraints>false</useDomainConstraints>
<use>1</use>
<logicalDatatype>LOGDT011</logicalDatatype>
<ownDataTypeParameters>,,</ownDataTypeParameters>
</Attribute>
<Attribute name="id_proceso" id="B47FBB37-4481-C179-8E4F-06FE0D3BC662">
<createdBy>bruno</createdBy>
<createdTime>2025-05-14 10:58:19 UTC</createdTime>
<ownerDesignName>beta_base</ownerDesignName>
<engineerTo>
<item key="4EF3277E-7E04-22F9-AF32-94D5BA3E1E09" value="true"/>
</engineerTo>
<useDomainConstraints>false</useDomainConstraints>
<use>1</use>
<logicalDatatype>LOGDT011</logicalDatatype>
<ownDataTypeParameters>,,</ownDataTypeParameters>
</Attribute>
<Attribute name="comentario" id="8B112A1B-5E93-A3E9-4E79-B47793CF8849">
<createdBy>bruno</createdBy>
<createdTime>2025-05-14 10:58:31 UTC</createdTime>
<ownerDesignName>beta_base</ownerDesignName>
<engineerTo>
<item key="4EF3277E-7E04-22F9-AF32-94D5BA3E1E09" value="true"/>
</engineerTo>
<nullsAllowed>true</nullsAllowed>
<useDomainConstraints>false</useDomainConstraints>
<use>1</use>
<logicalDatatype>LOGDT024</logicalDatatype>
<dataTypeSize>100</dataTypeSize>
<ownDataTypeParameters>100,,</ownDataTypeParameters>
</Attribute>
<Attribute name="f_proceso" id="2F68B034-6023-6859-DD61-27D1B4932B63">
<createdBy>bruno</createdBy>
<createdTime>2025-05-14 10:59:35 UTC</createdTime>
<ownerDesignName>beta_base</ownerDesignName>
<engineerTo>
<item key="4EF3277E-7E04-22F9-AF32-94D5BA3E1E09" value="true"/>
</engineerTo>
<useDomainConstraints>false</useDomainConstraints>
<use>1</use>
<logicalDatatype>LOGDT007</logicalDatatype>
<ownDataTypeParameters>,,</ownDataTypeParameters>
</Attribute>
</attributes>
<identifiers itemClass="oracle.dbtools.crest.model.design.logical.CandidateKey">
<identifier id="695A8567-A113-863D-A3FB-722E7BAF5845" name="PROCESO PK">
<createdBy>bruno</createdBy>
<createdTime>2025-05-14 10:58:30 UTC</createdTime>
<ownerDesignName>beta_base</ownerDesignName>
<engineerTo>
<item key="4EF3277E-7E04-22F9-AF32-94D5BA3E1E09" value="true"/>
</engineerTo>
<pk>true</pk>
<usedAttributes>
<attributeRef>B47FBB37-4481-C179-8E4F-06FE0D3BC662</attributeRef>
</usedAttributes>
</identifier>
</identifiers>
</Entity>