<?xml version = '1.0' encoding = 'UTF-8'?>
<Entity class="oracle.dbtools.crest.model.design.logical.Entity" directorySegmentName="seg_0" id="7622DEE2-5C5A-ECD5-ED7F-340ED4478DBC" name="MARCA">
<createdBy>SSDD</createdBy>
<createdTime>2025-05-13 18:32:22 UTC</createdTime>
<ownerDesignName>beta_base</ownerDesignName>
<engineerTo>
<item key="4EF3277E-7E04-22F9-AF32-94D5BA3E1E09" value="true"/>
</engineerTo>
<adequatelyNormalized>NO</adequatelyNormalized>
<expectedVolumes>0</expectedVolumes>
<fwdEngineeringStrategyName>Single Table</fwdEngineeringStrategyName>
<growthPercent>0</growthPercent>
<growthType>Year</growthType>
<maxVolumes>9999999</maxVolumes>
<minVolumes>0</minVolumes>
<normalForm>Third</normalForm>
<attributes itemClass="oracle.dbtools.crest.model.design.logical.Attribute">
<Attribute name="id_marca" id="460730A7-3694-45F6-42C8-7B393AAE29A1">
<createdBy>bruno</createdBy>
<createdTime>2025-05-14 10:13:58 UTC</createdTime>
<ownerDesignName>beta_base</ownerDesignName>
<engineerTo>
<item key="4EF3277E-7E04-22F9-AF32-94D5BA3E1E09" value="true"/>
</engineerTo>
<useDomainConstraints>false</useDomainConstraints>
<use>1</use>
<logicalDatatype>LOGDT011</logicalDatatype>
<ownDataTypeParameters>,,</ownDataTypeParameters>
</Attribute>
<Attribute name="nombre" id="ABAC933B-BB75-665F-BD07-55D1BE771EE2">
<createdBy>bruno</createdBy>
<createdTime>2025-05-14 10:14:09 UTC</createdTime>
<ownerDesignName>beta_base</ownerDesignName>
<engineerTo>
<item key="4EF3277E-7E04-22F9-AF32-94D5BA3E1E09" value="true"/>
</engineerTo>
<useDomainConstraints>false</useDomainConstraints>
<use>1</use>
<logicalDatatype>LOGDT024</logicalDatatype>
<dataTypeSize>10</dataTypeSize>
<ownDataTypeParameters>10,,</ownDataTypeParameters>
</Attribute>
</attributes>
<identifiers itemClass="oracle.dbtools.crest.model.design.logical.CandidateKey">
<identifier id="4775F4A9-B529-7505-C3D5-BCF9F992AE52" name="MARCA PK">
<createdBy>bruno</createdBy>
<createdTime>2025-05-14 10:14:08 UTC</createdTime>
<ownerDesignName>beta_base</ownerDesignName>
<engineerTo>
<item key="4EF3277E-7E04-22F9-AF32-94D5BA3E1E09" value="true"/>
</engineerTo>
<pk>true</pk>
<usedAttributes>
<attributeRef>460730A7-3694-45F6-42C8-7B393AAE29A1</attributeRef>
</usedAttributes>
</identifier>
</identifiers>
</Entity>