<?xml version = '1.0' encoding = 'UTF-8'?>
<Entity class="oracle.dbtools.crest.model.design.logical.Entity" directorySegmentName="seg_0" id="7A66E4B2-788C-5EFB-AB3E-90EEE9802F98" name="DETALLE_VENTA">
<createdBy>Citt</createdBy>
<createdTime>2025-05-16 16:54:57 UTC</createdTime>
<ownerDesignName>beta_base</ownerDesignName>
<engineerTo>
<item key="4EF3277E-7E04-22F9-AF32-94D5BA3E1E09" value="true"/>
</engineerTo>
<adequatelyNormalized>NO</adequatelyNormalized>
<expectedVolumes>0</expectedVolumes>
<fwdEngineeringStrategyName>Single Table</fwdEngineeringStrategyName>
<growthPercent>0</growthPercent>
<growthType>Year</growthType>
<maxVolumes>9999999</maxVolumes>
<minVolumes>0</minVolumes>
<normalForm>Third</normalForm>
<attributes itemClass="oracle.dbtools.crest.model.design.logical.Attribute">
<Attribute name="id_detalle_venta" id="3BBB958C-1E60-764A-568F-D904D7BFA092">
<createdBy>Citt</createdBy>
<createdTime>2025-05-16 16:55:07 UTC</createdTime>
<ownerDesignName>beta_base</ownerDesignName>
<engineerTo>
<item key="4EF3277E-7E04-22F9-AF32-94D5BA3E1E09" value="true"/>
</engineerTo>
<useDomainConstraints>false</useDomainConstraints>
<use>1</use>
<logicalDatatype>LOGDT011</logicalDatatype>
<ownDataTypeParameters>,,</ownDataTypeParameters>
</Attribute>
<Attribute name="cantidad" id="9209B076-7ABC-CF93-BAA4-4EBE2264774D">
<createdBy>Citt</createdBy>
<createdTime>2025-05-16 16:55:22 UTC</createdTime>
<ownerDesignName>beta_base</ownerDesignName>
<engineerTo>
<item key="4EF3277E-7E04-22F9-AF32-94D5BA3E1E09" value="true"/>
</engineerTo>
<useDomainConstraints>false</useDomainConstraints>
<use>1</use>
<logicalDatatype>LOGDT011</logicalDatatype>
<ownDataTypeParameters>,,</ownDataTypeParameters>
</Attribute>
<Attribute name="subtotal" id="1E157A27-D193-3193-B7CE-CB80A97AC8AE">
<createdBy>Citt</createdBy>
<createdTime>2025-05-16 16:55:35 UTC</createdTime>
<ownerDesignName>beta_base</ownerDesignName>
<engineerTo>
<item key="4EF3277E-7E04-22F9-AF32-94D5BA3E1E09" value="true"/>
</engineerTo>
<nullsAllowed>true</nullsAllowed>
<useDomainConstraints>false</useDomainConstraints>
<use>1</use>
<logicalDatatype>LOGDT011</logicalDatatype>
<ownDataTypeParameters>,,</ownDataTypeParameters>
</Attribute>
<Attribute name="id_solicitud" id="4A4BE661-2C88-32DC-27D9-2C74A679058E">
<createdBy>Citt</createdBy>
<createdTime>2025-05-16 16:57:15 UTC</createdTime>
<generatorID>538D3E4D-7A41-AB1D-02E2-0C77E613CBFB</generatorID>
<ownerDesignName>beta_base</ownerDesignName>
<engineerTo>
<item key="4EF3277E-7E04-22F9-AF32-94D5BA3E1E09" value="true"/>
</engineerTo>
<referedAttribute>C6EBFB83-9BFA-1D80-1686-C62344F0C62B</referedAttribute>
<useDomainConstraints>false</useDomainConstraints>
<use>1</use>
<logicalDatatype>LOGDT011</logicalDatatype>
<ownDataTypeParameters>,,</ownDataTypeParameters>
</Attribute>
<Attribute name="id_modelo" id="676229B2-1990-5A1F-0254-8AFF63BCC801">
<createdBy>Citt</createdBy>
<createdTime>2025-05-16 16:57:35 UTC</createdTime>
<generatorID>645D80D7-14E5-488E-64BD-788EB9573F41</generatorID>
<ownerDesignName>beta_base</ownerDesignName>
<engineerTo>
<item key="4EF3277E-7E04-22F9-AF32-94D5BA3E1E09" value="true"/>
</engineerTo>
<referedAttribute>3C5D37DD-2D85-8F12-6DEE-0D78857D3F40</referedAttribute>
<useDomainConstraints>false</useDomainConstraints>
<use>1</use>
<logicalDatatype>LOGDT011</logicalDatatype>
<ownDataTypeParameters>,,</ownDataTypeParameters>
</Attribute>
</attributes>
<identifiers itemClass="oracle.dbtools.crest.model.design.logical.CandidateKey">
<identifier id="E322DD9F-81E0-4458-008E-EC7C81756E97" name="DETALLE_VENTA PK">
<createdBy>Citt</createdBy>
<createdTime>2025-05-16 16:55:20 UTC</createdTime>
<ownerDesignName>beta_base</ownerDesignName>
<engineerTo>
<item key="4EF3277E-7E04-22F9-AF32-94D5BA3E1E09" value="true"/>
</engineerTo>
<pk>true</pk>
<usedAttributes>
<attributeRef>3BBB958C-1E60-764A-568F-D904D7BFA092</attributeRef>
<attributeRef>4A4BE661-2C88-32DC-27D9-2C74A679058E</attributeRef>
<attributeRef>676229B2-1990-5A1F-0254-8AFF63BCC801</attributeRef>
</usedAttributes>
</identifier>
</identifiers>
</Entity>