<?xml version = '1.0' encoding = 'UTF-8'?>
<Entity class="oracle.dbtools.crest.model.design.logical.Entity" directorySegmentName="seg_0" id="8C08322B-3BB2-5EE7-EF77-BAF5B5F2B832" name="EQUIPO">
<createdBy>SSDD</createdBy>
<createdTime>2025-05-13 18:32:00 UTC</createdTime>
<ownerDesignName>beta_base</ownerDesignName>
<engineerTo>
<item key="4EF3277E-7E04-22F9-AF32-94D5BA3E1E09" value="true"/>
</engineerTo>
<adequatelyNormalized>NO</adequatelyNormalized>
<expectedVolumes>0</expectedVolumes>
<fwdEngineeringStrategyName>Single Table</fwdEngineeringStrategyName>
<growthPercent>0</growthPercent>
<growthType>Year</growthType>
<maxVolumes>9999999</maxVolumes>
<minVolumes>0</minVolumes>
<normalForm>Third</normalForm>
<attributes itemClass="oracle.dbtools.crest.model.design.logical.Attribute">
<Attribute name="id_estado" id="E8DA6EAA-EB6E-8A17-D7DE-0323AFFFF5CE">
<createdBy>bruno</createdBy>
<createdTime>2025-05-14 10:13:07 UTC</createdTime>
<generatorID>1283073B-22EA-6273-B643-28983AE7EA9A</generatorID>
<ownerDesignName>beta_base</ownerDesignName>
<engineerTo>
<item key="4EF3277E-7E04-22F9-AF32-94D5BA3E1E09" value="true"/>
</engineerTo>
<referedAttribute>E31F8C2A-D414-4893-A733-F74523DB0963</referedAttribute>
<useDomainConstraints>false</useDomainConstraints>
<use>1</use>
<logicalDatatype>LOGDT011</logicalDatatype>
<ownDataTypeParameters>,,</ownDataTypeParameters>
</Attribute>
<Attribute name="id_modelo" id="3C5D37DD-2D85-8F12-6DEE-0D78857D3F40">
<createdBy>bruno</createdBy>
<createdTime>2025-05-14 10:13:48 UTC</createdTime>
<generatorID>E6B83343-0E6C-0E8F-081E-A83643D8600F</generatorID>
<ownerDesignName>beta_base</ownerDesignName>
<engineerTo>
<item key="4EF3277E-7E04-22F9-AF32-94D5BA3E1E09" value="true"/>
</engineerTo>
<referedAttribute>5272628F-15DD-FD66-8CDB-ABA916FE549A</referedAttribute>
<useDomainConstraints>false</useDomainConstraints>
<use>1</use>
<logicalDatatype>LOGDT011</logicalDatatype>
<ownDataTypeParameters>,,</ownDataTypeParameters>
</Attribute>
<Attribute name="nombre" id="6C7C1E1A-2E0F-DCAD-6A04-EEF6DB235EB5">
<createdBy>bruno</createdBy>
<createdTime>2025-05-14 11:01:22 UTC</createdTime>
<ownerDesignName>beta_base</ownerDesignName>
<engineerTo>
<item key="4EF3277E-7E04-22F9-AF32-94D5BA3E1E09" value="true"/>
</engineerTo>
<useDomainConstraints>false</useDomainConstraints>
<use>1</use>
<logicalDatatype>LOGDT024</logicalDatatype>
<dataTypeSize>20</dataTypeSize>
<ownDataTypeParameters>20,,</ownDataTypeParameters>
</Attribute>
<Attribute name="p_venta" id="FF6F2809-AC17-9524-9824-810C4BB800F3">
<createdBy>bruno</createdBy>
<createdTime>2025-05-14 11:02:30 UTC</createdTime>
<ownerDesignName>beta_base</ownerDesignName>
<engineerTo>
<item key="4EF3277E-7E04-22F9-AF32-94D5BA3E1E09" value="true"/>
</engineerTo>
<nullsAllowed>true</nullsAllowed>
<useDomainConstraints>false</useDomainConstraints>
<use>1</use>
<logicalDatatype>LOGDT011</logicalDatatype>
<ownDataTypeParameters>,,</ownDataTypeParameters>
</Attribute>
<Attribute name="p_arriendo" id="F7EB4660-2F1B-B695-A74C-6CC87B2D1B73">
<createdBy>bruno</createdBy>
<createdTime>2025-05-14 11:02:54 UTC</createdTime>
<ownerDesignName>beta_base</ownerDesignName>
<engineerTo>
<item key="4EF3277E-7E04-22F9-AF32-94D5BA3E1E09" value="true"/>
</engineerTo>
<nullsAllowed>true</nullsAllowed>
<useDomainConstraints>false</useDomainConstraints>
<use>1</use>
<logicalDatatype>LOGDT011</logicalDatatype>
<ownDataTypeParameters>,,</ownDataTypeParameters>
</Attribute>
<Attribute name="patente" id="8F223A05-1281-A855-93C7-CF00F801B1DE">
<createdBy>bruno</createdBy>
<createdTime>2025-05-14 11:03:12 UTC</createdTime>
<ownerDesignName>beta_base</ownerDesignName>
<engineerTo>
<item key="4EF3277E-7E04-22F9-AF32-94D5BA3E1E09" value="true"/>
</engineerTo>
<useDomainConstraints>false</useDomainConstraints>
<use>1</use>
<logicalDatatype>LOGDT024</logicalDatatype>
<dataTypeSize>6</dataTypeSize>
<ownDataTypeParameters>6,,</ownDataTypeParameters>
</Attribute>
<Attribute name="reseña" id="C2ED658B-E96B-CC75-C393-048D080EEF6E">
<createdBy>Citt</createdBy>
<createdTime>2025-05-16 16:59:09 UTC</createdTime>
<ownerDesignName>beta_base</ownerDesignName>
<engineerTo>
<item key="4EF3277E-7E04-22F9-AF32-94D5BA3E1E09" value="true"/>
</engineerTo>
<nullsAllowed>true</nullsAllowed>
<useDomainConstraints>false</useDomainConstraints>
<use>1</use>
<logicalDatatype>LOGDT024</logicalDatatype>
<dataTypeSize>200</dataTypeSize>
<ownDataTypeParameters>200,,</ownDataTypeParameters>
</Attribute>
</attributes>
<identifiers itemClass="oracle.dbtools.crest.model.design.logical.CandidateKey">
<identifier id="2F889425-2885-FE03-1BCD-3ABC6901FEDF" name="EQUIPO PK">
<createdBy>bruno</createdBy>
<createdTime>2025-05-14 11:01:14 UTC</createdTime>
<ownerDesignName>beta_base</ownerDesignName>
<engineerTo>
<item key="4EF3277E-7E04-22F9-AF32-94D5BA3E1E09" value="true"/>
</engineerTo>
<pk>true</pk>
<usedAttributes>
<attributeRef>3C5D37DD-2D85-8F12-6DEE-0D78857D3F40</attributeRef>
</usedAttributes>
</identifier>
</identifiers>
</Entity>