<?xml version = '1.0' encoding = 'UTF-8'?>
<Entity class="oracle.dbtools.crest.model.design.logical.Entity" directorySegmentName="seg_0" id="921ED18D-236C-0221-55AF-5120FC7B3AD7" name="REGION">
<createdBy>Citt</createdBy>
<createdTime>2025-05-16 16:44:52 UTC</createdTime>
<ownerDesignName>beta_base</ownerDesignName>
<engineerTo>
<item key="4EF3277E-7E04-22F9-AF32-94D5BA3E1E09" value="true"/>
</engineerTo>
<adequatelyNormalized>NO</adequatelyNormalized>
<expectedVolumes>0</expectedVolumes>
<fwdEngineeringStrategyName>Single Table</fwdEngineeringStrategyName>
<growthPercent>0</growthPercent>
<growthType>Year</growthType>
<maxVolumes>9999999</maxVolumes>
<minVolumes>0</minVolumes>
<normalForm>Third</normalForm>
<attributes itemClass="oracle.dbtools.crest.model.design.logical.Attribute">
<Attribute name="id_region" id="26F6B3C1-E4A4-7A44-C606-800E851DD2EC">
<createdBy>Citt</createdBy>
<createdTime>2025-05-16 16:45:01 UTC</createdTime>
<ownerDesignName>beta_base</ownerDesignName>
<engineerTo>
<item key="4EF3277E-7E04-22F9-AF32-94D5BA3E1E09" value="true"/>
</engineerTo>
<useDomainConstraints>false</useDomainConstraints>
<use>1</use>
<logicalDatatype>LOGDT011</logicalDatatype>
<ownDataTypeParameters>,,</ownDataTypeParameters>
</Attribute>
<Attribute name="nombre" id="BBAFDE96-B7AF-6DA6-3CE1-8467F0177FB0">
<createdBy>Citt</createdBy>
<createdTime>2025-05-16 16:45:07 UTC</createdTime>
<ownerDesignName>beta_base</ownerDesignName>
<engineerTo>
<item key="4EF3277E-7E04-22F9-AF32-94D5BA3E1E09" value="true"/>
</engineerTo>
<useDomainConstraints>false</useDomainConstraints>
<use>1</use>
<logicalDatatype>LOGDT024</logicalDatatype>
<dataTypeSize>15</dataTypeSize>
<ownDataTypeParameters>15,,</ownDataTypeParameters>
</Attribute>
</attributes>
<identifiers itemClass="oracle.dbtools.crest.model.design.logical.CandidateKey">
<identifier id="9B1AFEC2-5630-D680-1D75-B84E52185E8A" name="REGION PK">
<createdBy>Citt</createdBy>
<createdTime>2025-05-16 16:45:05 UTC</createdTime>
<ownerDesignName>beta_base</ownerDesignName>
<engineerTo>
<item key="4EF3277E-7E04-22F9-AF32-94D5BA3E1E09" value="true"/>
</engineerTo>
<pk>true</pk>
<usedAttributes>
<attributeRef>26F6B3C1-E4A4-7A44-C606-800E851DD2EC</attributeRef>
</usedAttributes>
</identifier>
</identifiers>
</Entity>