<?xml version = '1.0' encoding = 'UTF-8'?>
<FKIndexAssociation class="oracle.dbtools.crest.model.design.relational.FKIndexAssociation" directorySegmentName="seg_0" id="26C4DB11-D96B-15C8-CD18-52B83513C75B" containerWithKeyObject="A7D4D018-1290-6CFA-57DC-58AD2A24B73B" localFKIndex="47CA588E-86CC-5289-1B7B-2B15A48FEFC5" name="VENTA_USUARIO_FK">
<createdBy>Citt</createdBy>
<createdTime>2025-05-16 17:18:20 UTC</createdTime>
<generatorID>F2BBC6E5-F72D-66EB-1D13-95E8008DC757</generatorID>
<ownerDesignName>beta_base</ownerDesignName>
<referredTableLongName>USUARIO</referredTableLongName>
<deleteRule>NO ACTION</deleteRule>
<referredTableID>87706932-C9F2-485E-683B-34F0E9CD0C09</referredTableID>
<keyObject>892D6869-332E-C7BD-75F5-CDA3694E80AF</keyObject>
<referredKeyID>892D6869-332E-C7BD-75F5-CDA3694E80AF</referredKeyID>
<mandatory>true</mandatory>
<refColNames>id_usuario</refColNames>
<transferable>true</transferable>
<rely>false</rely>
<columnDependencyConstraintGenerateInDDL>true</columnDependencyConstraintGenerateInDDL>
</FKIndexAssociation>