<?xml version = '1.0' encoding = 'UTF-8'?>
<FKIndexAssociation class="oracle.dbtools.crest.model.design.relational.FKIndexAssociation" directorySegmentName="seg_0" id="31A446C5-1AFD-27B5-9956-4CF627E4AAE1" containerWithKeyObject="EC177AA3-E524-E06F-4551-2CF688FF0B11" localFKIndex="5A8192A2-6283-165A-1C6C-A5BA2F8A6BD7" name="DETALLE_VENTA_EQUIPO_FK">
<createdBy>Citt</createdBy>
<createdTime>2025-05-16 17:18:20 UTC</createdTime>
<generatorID>645D80D7-14E5-488E-64BD-788EB9573F41</generatorID>
<ownerDesignName>beta_base</ownerDesignName>
<referredTableLongName>EQUIPO</referredTableLongName>
<deleteRule>NO ACTION</deleteRule>
<referredTableID>B28D9D6D-C709-5276-B555-1A4A134F3719</referredTableID>
<keyObject>9B14C64A-8AF9-01AB-7DF8-AF2741A81D7F</keyObject>
<referredKeyID>9B14C64A-8AF9-01AB-7DF8-AF2741A81D7F</referredKeyID>
<mandatory>true</mandatory>
<refColNames>MODELO_id_modelo</refColNames>
<transferable>true</transferable>
<rely>false</rely>
<columnDependencyConstraintGenerateInDDL>true</columnDependencyConstraintGenerateInDDL>
</FKIndexAssociation>