<?xml version = '1.0' encoding = 'UTF-8'?>
<FKIndexAssociation class="oracle.dbtools.crest.model.design.relational.FKIndexAssociation" directorySegmentName="seg_0" id="4628067F-7FF9-2117-58C7-A97F8CA601F1" containerWithKeyObject="8B66A9B4-44E5-F533-E6FC-057FD9B6FBD8" localFKIndex="1663A02A-1194-5516-60A7-EE63495AF8DB" name="COMUNA_REGION_FK">
<createdBy>Citt</createdBy>
<createdTime>2025-05-16 17:18:20 UTC</createdTime>
<generatorID>4BE68DE3-F415-393B-B655-14DCE823DA68</generatorID>
<ownerDesignName>beta_base</ownerDesignName>
<referredTableLongName>REGION</referredTableLongName>
<deleteRule>NO ACTION</deleteRule>
<referredTableID>554DF329-94AE-628E-EAEE-F485BE20DEEE</referredTableID>
<keyObject>C3BAF147-4150-5D95-DB9E-163C8C93F8EE</keyObject>
<referredKeyID>C3BAF147-4150-5D95-DB9E-163C8C93F8EE</referredKeyID>
<mandatory>true</mandatory>
<refColNames>id_region</refColNames>
<transferable>true</transferable>
<rely>false</rely>
<columnDependencyConstraintGenerateInDDL>true</columnDependencyConstraintGenerateInDDL>
</FKIndexAssociation>