<?xml version = '1.0' encoding = 'UTF-8'?>
<FKIndexAssociation class="oracle.dbtools.crest.model.design.relational.FKIndexAssociation" directorySegmentName="seg_0" id="4F97934A-1EF9-7CF3-D213-DF0BDB905DFF" containerWithKeyObject="E1C063D8-89BC-0914-D65F-0DE743B0ED92" localFKIndex="D2613F61-A95A-E58B-7176-EF04D37F13FA" name="SEGUIMIENTO_EQUIPO_FK">
<createdBy>Citt</createdBy>
<createdTime>2025-05-16 17:18:20 UTC</createdTime>
<generatorID>DCFD613B-9ACB-F0C4-F085-F21148AF50FD</generatorID>
<ownerDesignName>beta_base</ownerDesignName>
<referredTableLongName>EQUIPO</referredTableLongName>
<deleteRule>NO ACTION</deleteRule>
<referredTableID>B28D9D6D-C709-5276-B555-1A4A134F3719</referredTableID>
<keyObject>9B14C64A-8AF9-01AB-7DF8-AF2741A81D7F</keyObject>
<referredKeyID>9B14C64A-8AF9-01AB-7DF8-AF2741A81D7F</referredKeyID>
<mandatory>true</mandatory>
<refColNames>MODELO_id_modelo</refColNames>
<transferable>true</transferable>
<rely>false</rely>
<columnDependencyConstraintGenerateInDDL>true</columnDependencyConstraintGenerateInDDL>
</FKIndexAssociation>