<?xml version = '1.0' encoding = 'UTF-8'?>
<FKIndexAssociation class="oracle.dbtools.crest.model.design.relational.FKIndexAssociation" directorySegmentName="seg_0" id="53513390-ECF7-D6D7-F739-1569566484B0" containerWithKeyObject="E1C063D8-89BC-0914-D65F-0DE743B0ED92" localFKIndex="AF5FC726-107C-703B-E239-AD9E4BC6BE80" name="SEGUIMIENTO_MANTENCION_FK">
<createdBy>Citt</createdBy>
<createdTime>2025-05-16 17:18:20 UTC</createdTime>
<generatorID>363303BE-2D7C-737D-6834-47228D9D6623</generatorID>
<ownerDesignName>beta_base</ownerDesignName>
<referredTableLongName>MANTENCION</referredTableLongName>
<deleteRule>NO ACTION</deleteRule>
<referredTableID>FC2AA750-AEAD-B5FB-4E1A-8C06A3C7E1BD</referredTableID>
<keyObject>2FA2D359-2E6A-30A6-38EE-A4A140A22BD2</keyObject>
<referredKeyID>2FA2D359-2E6A-30A6-38EE-A4A140A22BD2</referredKeyID>
<mandatory>true</mandatory>
<refColNames>id_mantencion</refColNames>
<transferable>true</transferable>
<rely>false</rely>
<columnDependencyConstraintGenerateInDDL>true</columnDependencyConstraintGenerateInDDL>
</FKIndexAssociation>