<?xml version = '1.0' encoding = 'UTF-8'?>
<FKIndexAssociation class="oracle.dbtools.crest.model.design.relational.FKIndexAssociation" directorySegmentName="seg_0" id="62F524B1-E4C8-6A0F-0F83-4459A49464AD" containerWithKeyObject="D7A6B533-EEE8-C22A-07D0-4EB7C45DB624" localFKIndex="CA773C2D-8421-5B67-FC48-E10D34749D51" name="PROCESO_VENTA_FK">
<createdBy>Citt</createdBy>
<createdTime>2025-05-16 17:18:20 UTC</createdTime>
<generatorID>9EBBA53F-A709-6988-3644-FD1261EB4276</generatorID>
<ownerDesignName>beta_base</ownerDesignName>
<referredTableLongName>VENTA</referredTableLongName>
<deleteRule>NO ACTION</deleteRule>
<referredTableID>A7D4D018-1290-6CFA-57DC-58AD2A24B73B</referredTableID>
<keyObject>421504F1-AF42-2C3F-35CD-15AF4FC1B115</keyObject>
<referredKeyID>421504F1-AF42-2C3F-35CD-15AF4FC1B115</referredKeyID>
<mandatory>true</mandatory>
<refColNames>id_solicitud</refColNames>
<transferable>true</transferable>
<rely>false</rely>
<columnDependencyConstraintGenerateInDDL>true</columnDependencyConstraintGenerateInDDL>
</FKIndexAssociation>