<?xml version = '1.0' encoding = 'UTF-8'?>
<FKIndexAssociation class="oracle.dbtools.crest.model.design.relational.FKIndexAssociation" directorySegmentName="seg_0" id="68549979-7407-9517-4E60-31BEDAE7B86E" containerWithKeyObject="B28D9D6D-C709-5276-B555-1A4A134F3719" localFKIndex="0DB36B32-1E32-0575-7F8A-3F24629AE6C0" name="EQUIPO_ESTADO_FK">
<createdBy>Citt</createdBy>
<createdTime>2025-05-16 17:18:20 UTC</createdTime>
<generatorID>1283073B-22EA-6273-B643-28983AE7EA9A</generatorID>
<ownerDesignName>beta_base</ownerDesignName>
<referredTableLongName>ESTADO</referredTableLongName>
<deleteRule>NO ACTION</deleteRule>
<referredTableID>5FAF846F-DFD6-D6FC-3627-5D8251BD3C62</referredTableID>
<keyObject>F1C68253-ABE1-8954-E5DD-E43D25D55C62</keyObject>
<referredKeyID>F1C68253-ABE1-8954-E5DD-E43D25D55C62</referredKeyID>
<mandatory>true</mandatory>
<refColNames>id_estado</refColNames>
<transferable>true</transferable>
<rely>false</rely>
<columnDependencyConstraintGenerateInDDL>true</columnDependencyConstraintGenerateInDDL>
</FKIndexAssociation>