<?xml version = '1.0' encoding = 'UTF-8'?>
<FKIndexAssociation class="oracle.dbtools.crest.model.design.relational.FKIndexAssociation" directorySegmentName="seg_0" id="705B615A-BCC7-73C8-C085-6D5FCBA1A291" containerWithKeyObject="87706932-C9F2-485E-683B-34F0E9CD0C09" localFKIndex="1139771F-01BE-F4B0-8A2A-7531158859CF" name="USUARIO_ROL_FK">
<createdBy>Citt</createdBy>
<createdTime>2025-05-16 17:18:20 UTC</createdTime>
<generatorID>C342BE2F-1EA0-47AF-D6DF-DA241BDE16FE</generatorID>
<ownerDesignName>beta_base</ownerDesignName>
<referredTableLongName>ROL</referredTableLongName>
<deleteRule>NO ACTION</deleteRule>
<referredTableID>662EB44B-6FCB-888D-8D71-C2A4D530C21A</referredTableID>
<keyObject>16D51A8F-40BB-36C6-CF72-FE424BEE1DCB</keyObject>
<referredKeyID>16D51A8F-40BB-36C6-CF72-FE424BEE1DCB</referredKeyID>
<mandatory>true</mandatory>
<refColNames>id_rol</refColNames>
<transferable>true</transferable>
<rely>false</rely>
<columnDependencyConstraintGenerateInDDL>true</columnDependencyConstraintGenerateInDDL>
</FKIndexAssociation>