<?xml version = '1.0' encoding = 'UTF-8'?>
<FKIndexAssociation class="oracle.dbtools.crest.model.design.relational.FKIndexAssociation" directorySegmentName="seg_0" id="948BD275-959F-8E05-B45F-044C736CCACD" containerWithKeyObject="229ACDF9-339C-8025-643A-6351280153C7" localFKIndex="97C11E7B-B100-3DE9-0D13-537618A13151" name="DIRECCION_USUARIO_FK">
<createdBy>Citt</createdBy>
<createdTime>2025-05-16 17:18:20 UTC</createdTime>
<generatorID>0D0723E6-2940-3946-45AA-555893C0A0A5</generatorID>
<ownerDesignName>beta_base</ownerDesignName>
<referredTableLongName>USUARIO</referredTableLongName>
<deleteRule>NO ACTION</deleteRule>
<referredTableID>87706932-C9F2-485E-683B-34F0E9CD0C09</referredTableID>
<keyObject>892D6869-332E-C7BD-75F5-CDA3694E80AF</keyObject>
<referredKeyID>892D6869-332E-C7BD-75F5-CDA3694E80AF</referredKeyID>
<mandatory>true</mandatory>
<refColNames>id_usuario</refColNames>
<transferable>true</transferable>
<rely>false</rely>
<columnDependencyConstraintGenerateInDDL>true</columnDependencyConstraintGenerateInDDL>
</FKIndexAssociation>