<?xml version = '1.0' encoding = 'UTF-8'?>
<FKIndexAssociation class="oracle.dbtools.crest.model.design.relational.FKIndexAssociation" directorySegmentName="seg_0" id="A3D76CB8-41F8-2532-2690-B082DA3B85EA" containerWithKeyObject="D1FA1841-B28D-7234-0DCA-7EF0A9FADE4F" localFKIndex="442F6AF6-CB53-BEA5-9AD5-BDC752BBC819" name="MODELO_MARCA_FK">
<createdBy>Citt</createdBy>
<createdTime>2025-05-16 17:18:20 UTC</createdTime>
<generatorID>25820688-ED58-840F-B5DF-1BBF680253AD</generatorID>
<ownerDesignName>beta_base</ownerDesignName>
<referredTableLongName>MARCA</referredTableLongName>
<deleteRule>NO ACTION</deleteRule>
<referredTableID>A68E306E-64C7-4CE0-F5AA-3ED014AA0E44</referredTableID>
<keyObject>3ED2BF20-0C9D-54E3-FDFA-C7FE9AE9E3B3</keyObject>
<referredKeyID>3ED2BF20-0C9D-54E3-FDFA-C7FE9AE9E3B3</referredKeyID>
<mandatory>true</mandatory>
<refColNames>id_marca</refColNames>
<transferable>true</transferable>
<rely>false</rely>
<columnDependencyConstraintGenerateInDDL>true</columnDependencyConstraintGenerateInDDL>
</FKIndexAssociation>