<?xml version = '1.0' encoding = 'UTF-8'?>
<FKIndexAssociation class="oracle.dbtools.crest.model.design.relational.FKIndexAssociation" directorySegmentName="seg_0" id="AE737E35-DD42-420A-FE11-D9335BAEB2B0" containerWithKeyObject="EC177AA3-E524-E06F-4551-2CF688FF0B11" localFKIndex="3B22E32A-89D4-4BC2-D2F1-DED8FE8A0353" name="DETALLE_VENTA_VENTA_FK">
<createdBy>Citt</createdBy>
<createdTime>2025-05-16 17:18:20 UTC</createdTime>
<generatorID>538D3E4D-7A41-AB1D-02E2-0C77E613CBFB</generatorID>
<ownerDesignName>beta_base</ownerDesignName>
<referredTableLongName>VENTA</referredTableLongName>
<deleteRule>NO ACTION</deleteRule>
<referredTableID>A7D4D018-1290-6CFA-57DC-58AD2A24B73B</referredTableID>
<keyObject>421504F1-AF42-2C3F-35CD-15AF4FC1B115</keyObject>
<referredKeyID>421504F1-AF42-2C3F-35CD-15AF4FC1B115</referredKeyID>
<mandatory>true</mandatory>
<refColNames>id_solicitud</refColNames>
<transferable>true</transferable>
<rely>false</rely>
<columnDependencyConstraintGenerateInDDL>true</columnDependencyConstraintGenerateInDDL>
</FKIndexAssociation>