<?xml version = '1.0' encoding = 'UTF-8'?>
<FKIndexAssociation class="oracle.dbtools.crest.model.design.relational.FKIndexAssociation" directorySegmentName="seg_0" id="DAD032B5-5866-52A8-3109-8685E1407C83" containerWithKeyObject="B28D9D6D-C709-5276-B555-1A4A134F3719" localFKIndex="7656F401-DC04-D0AA-B779-4FE1CDAF7531" name="EQUIPO_MODELO_FK">
<createdBy>Citt</createdBy>
<createdTime>2025-05-16 17:18:20 UTC</createdTime>
<generatorID>E6B83343-0E6C-0E8F-081E-A83643D8600F</generatorID>
<ownerDesignName>beta_base</ownerDesignName>
<referredTableLongName>MODELO</referredTableLongName>
<deleteRule>NO ACTION</deleteRule>
<referredTableID>D1FA1841-B28D-7234-0DCA-7EF0A9FADE4F</referredTableID>
<keyObject>4437E2CE-4B27-8BC2-83C2-0F112662E490</keyObject>
<referredKeyID>4437E2CE-4B27-8BC2-83C2-0F112662E490</referredKeyID>
<mandatory>true</mandatory>
<refColNames>id_modelo</refColNames>
<transferable>true</transferable>
<rely>false</rely>
<columnDependencyConstraintGenerateInDDL>true</columnDependencyConstraintGenerateInDDL>
</FKIndexAssociation>