<?xml version = '1.0' encoding = 'UTF-8'?>
<FKIndexAssociation class="oracle.dbtools.crest.model.design.relational.FKIndexAssociation" directorySegmentName="seg_0" id="E96C67C1-6433-990F-A88E-EBCC50BBA63B" containerWithKeyObject="229ACDF9-339C-8025-643A-6351280153C7" localFKIndex="944883EE-6C49-5022-17E3-386AE6E66066" name="DIRECCION_COMUNA_FK">
<createdBy>Citt</createdBy>
<createdTime>2025-05-16 17:18:20 UTC</createdTime>
<generatorID>BDE558CD-4B0B-58F2-2060-DA40BC1FCA62</generatorID>
<ownerDesignName>beta_base</ownerDesignName>
<referredTableLongName>COMUNA</referredTableLongName>
<deleteRule>NO ACTION</deleteRule>
<referredTableID>8B66A9B4-44E5-F533-E6FC-057FD9B6FBD8</referredTableID>
<keyObject>B3784D85-0058-A4C3-7E72-9686F906E5CD</keyObject>
<referredKeyID>B3784D85-0058-A4C3-7E72-9686F906E5CD</referredKeyID>
<mandatory>true</mandatory>
<refColNames>id_comuna,REGION_id_region</refColNames>
<transferable>true</transferable>
<rely>false</rely>
<columnDependencyConstraintGenerateInDDL>true</columnDependencyConstraintGenerateInDDL>
</FKIndexAssociation>