<?xml version = '1.0' encoding = 'UTF-8'?>
<FKIndexAssociation class="oracle.dbtools.crest.model.design.relational.FKIndexAssociation" directorySegmentName="seg_0" id="EAA17A83-EB0A-09F0-ADDC-8EC6BCA7DA99" containerWithKeyObject="328A3EAB-312F-FF27-65C2-AC3FD9B57EB9" localFKIndex="CE38976E-E65B-D084-A4EA-BBCAB0980CCE" name="TIPO_SOP_TICKET_FK">
<createdBy>Citt</createdBy>
<createdTime>2025-05-16 17:18:20 UTC</createdTime>
<generatorID>7766052F-320E-6AA1-96DE-04DAE5B499BB</generatorID>
<ownerDesignName>beta_base</ownerDesignName>
<referredTableLongName>TICKET</referredTableLongName>
<deleteRule>NO ACTION</deleteRule>
<referredTableID>F6BD3693-0CE8-8C18-7043-F4944D7E90A8</referredTableID>
<keyObject>111B4930-0EAF-062B-D62C-F3FDCC65D2F9</keyObject>
<referredKeyID>111B4930-0EAF-062B-D62C-F3FDCC65D2F9</referredKeyID>
<mandatory>true</mandatory>
<refColNames>id_ticket</refColNames>
<transferable>true</transferable>
<rely>false</rely>
<columnDependencyConstraintGenerateInDDL>true</columnDependencyConstraintGenerateInDDL>
</FKIndexAssociation>