<?xml version = '1.0' encoding = 'UTF-8'?>
<FKIndexAssociation class="oracle.dbtools.crest.model.design.relational.FKIndexAssociation" directorySegmentName="seg_0" id="ED95BF44-9AF1-083F-20CE-7D87664B54EC" containerWithKeyObject="53BF4E15-7D1B-CF36-DDC1-103D2DC69D6A" localFKIndex="F6D92360-FB8A-C2ED-1C8A-4BF491103224" name="SOPORTE_TICKET_FK">
<createdBy>Citt</createdBy>
<createdTime>2025-05-16 17:18:20 UTC</createdTime>
<generatorID>37E6B29F-6CA3-1D14-F259-FCA039844719</generatorID>
<ownerDesignName>beta_base</ownerDesignName>
<referredTableLongName>TICKET</referredTableLongName>
<deleteRule>NO ACTION</deleteRule>
<referredTableID>F6BD3693-0CE8-8C18-7043-F4944D7E90A8</referredTableID>
<keyObject>111B4930-0EAF-062B-D62C-F3FDCC65D2F9</keyObject>
<referredKeyID>111B4930-0EAF-062B-D62C-F3FDCC65D2F9</referredKeyID>
<mandatory>true</mandatory>
<refColNames>id_ticket</refColNames>
<transferable>true</transferable>
<rely>false</rely>
<columnDependencyConstraintGenerateInDDL>true</columnDependencyConstraintGenerateInDDL>
</FKIndexAssociation>