<?xml version = '1.0' encoding = 'UTF-8'?>
<FKIndexAssociation class="oracle.dbtools.crest.model.design.relational.FKIndexAssociation" directorySegmentName="seg_0" id="EFB23FC9-3D7F-0443-B176-8275C39A794D" containerWithKeyObject="F6BD3693-0CE8-8C18-7043-F4944D7E90A8" localFKIndex="1DCB10A2-C6AE-6A45-E8AB-41E09CCFF34D" name="TICKET_USUARIO_FK">
<createdBy>Citt</createdBy>
<createdTime>2025-05-16 17:18:20 UTC</createdTime>
<generatorID>EE48445B-C4A8-0724-3B52-AB57E5774AD7</generatorID>
<ownerDesignName>beta_base</ownerDesignName>
<referredTableLongName>USUARIO</referredTableLongName>
<deleteRule>NO ACTION</deleteRule>
<referredTableID>87706932-C9F2-485E-683B-34F0E9CD0C09</referredTableID>
<keyObject>892D6869-332E-C7BD-75F5-CDA3694E80AF</keyObject>
<referredKeyID>892D6869-332E-C7BD-75F5-CDA3694E80AF</referredKeyID>
<mandatory>true</mandatory>
<refColNames>id_usuario</refColNames>
<transferable>true</transferable>
<rely>false</rely>
<columnDependencyConstraintGenerateInDDL>true</columnDependencyConstraintGenerateInDDL>
</FKIndexAssociation>