<?xml version = '1.0' encoding = 'UTF-8'?>
<FKIndexAssociation class="oracle.dbtools.crest.model.design.relational.FKIndexAssociation" directorySegmentName="seg_0" id="F01238FE-0D2D-1332-B012-A1F3169A166F" containerWithKeyObject="A7D4D018-1290-6CFA-57DC-58AD2A24B73B" localFKIndex="42EECCE0-5619-940E-ED34-053D368B521A" name="VENTA_TIPO_FK">
<createdBy>Citt</createdBy>
<createdTime>2025-05-16 17:18:20 UTC</createdTime>
<generatorID>E49BE542-F9EC-F0B7-92E5-88AE24B0C2B4</generatorID>
<ownerDesignName>beta_base</ownerDesignName>
<referredTableLongName>TIPO</referredTableLongName>
<deleteRule>NO ACTION</deleteRule>
<referredTableID>998D2C1E-6400-9456-799F-B5DF7E2B61E7</referredTableID>
<keyObject>A12EA362-A7A9-41BD-62F6-9B25D6F2108B</keyObject>
<referredKeyID>A12EA362-A7A9-41BD-62F6-9B25D6F2108B</referredKeyID>
<mandatory>true</mandatory>
<refColNames>id_tipo</refColNames>
<transferable>true</transferable>
<rely>false</rely>
<columnDependencyConstraintGenerateInDDL>true</columnDependencyConstraintGenerateInDDL>
</FKIndexAssociation>