<?xml version = '1.0' encoding = 'UTF-8'?>
<Relation class="oracle.dbtools.crest.model.design.logical.Relation" name="Relation_3" directorySegmentName="seg_0" id="0D0723E6-2940-3946-45AA-555893C0A0A5">
<createdBy>SSDD</createdBy>
<createdTime>2025-05-13 18:39:17 UTC</createdTime>
<ownerDesignName>beta_base</ownerDesignName>
<engineerTo>
<item key="4EF3277E-7E04-22F9-AF32-94D5BA3E1E09" value="true"/>
</engineerTo>
<sourcePk>C0697C40-9FC6-244F-B8A1-85B8F2436BF5</sourcePk>
<identifying>false</identifying>
<optionalSource>false</optionalSource>
<optionalTarget>false</optionalTarget>
<sourceCardinality>1</sourceCardinality>
<sourceEntity>396AE4CD-72B8-2546-24D2-3666BB5FDF23</sourceEntity>
<targetCardinalityString>*</targetCardinalityString>
<targetEntity>6171E937-47CA-B538-E6FE-A597DEE77849</targetEntity>
<transferable>true</transferable>
<deleteRule>NO ACTION</deleteRule>
</Relation>