<?xml version = '1.0' encoding = 'UTF-8'?>
<Relation class="oracle.dbtools.crest.model.design.logical.Relation" name="Relation_10" directorySegmentName="seg_0" id="1283073B-22EA-6273-B643-28983AE7EA9A">
<createdBy>SSDD</createdBy>
<createdTime>2025-05-13 18:45:02 UTC</createdTime>
<ownerDesignName>beta_base</ownerDesignName>
<engineerTo>
<item key="4EF3277E-7E04-22F9-AF32-94D5BA3E1E09" value="true"/>
</engineerTo>
<sourcePk>83317AE9-03A3-9A53-B548-781C2235D234</sourcePk>
<identifying>false</identifying>
<optionalSource>false</optionalSource>
<optionalTarget>false</optionalTarget>
<sourceCardinality>1</sourceCardinality>
<sourceEntity>5E9DA5C3-8EE6-FE71-2BFA-DEC23D2BE46F</sourceEntity>
<targetCardinalityString>*</targetCardinalityString>
<targetEntity>8C08322B-3BB2-5EE7-EF77-BAF5B5F2B832</targetEntity>
<transferable>true</transferable>
<deleteRule>NO ACTION</deleteRule>
</Relation>