<?xml version = '1.0' encoding = 'UTF-8'?>
<Relation class="oracle.dbtools.crest.model.design.logical.Relation" name="Relation_8" directorySegmentName="seg_0" id="25820688-ED58-840F-B5DF-1BBF680253AD">
<createdBy>SSDD</createdBy>
<createdTime>2025-05-13 18:44:13 UTC</createdTime>
<ownerDesignName>beta_base</ownerDesignName>
<engineerTo>
<item key="4EF3277E-7E04-22F9-AF32-94D5BA3E1E09" value="true"/>
</engineerTo>
<sourcePk>4775F4A9-B529-7505-C3D5-BCF9F992AE52</sourcePk>
<identifying>false</identifying>
<optionalSource>false</optionalSource>
<optionalTarget>false</optionalTarget>
<sourceCardinality>1</sourceCardinality>
<sourceEntity>7622DEE2-5C5A-ECD5-ED7F-340ED4478DBC</sourceEntity>
<targetCardinalityString>*</targetCardinalityString>
<targetEntity>5E5346DD-BC86-6343-AA01-1F7BEDA98F6E</targetEntity>
<transferable>true</transferable>
<deleteRule>NO ACTION</deleteRule>
</Relation>