<?xml version = '1.0' encoding = 'UTF-8'?>
<Relation class="oracle.dbtools.crest.model.design.logical.Relation" name="Relation_12" directorySegmentName="seg_0" id="363303BE-2D7C-737D-6834-47228D9D6623">
<createdBy>SSDD</createdBy>
<createdTime>2025-05-13 18:45:32 UTC</createdTime>
<ownerDesignName>beta_base</ownerDesignName>
<engineerTo>
<item key="4EF3277E-7E04-22F9-AF32-94D5BA3E1E09" value="true"/>
</engineerTo>
<sourcePk>AB076FB4-50B9-07AB-200D-6ECECC2C8978</sourcePk>
<identifying>false</identifying>
<optionalSource>false</optionalSource>
<optionalTarget>false</optionalTarget>
<sourceCardinality>1</sourceCardinality>
<sourceEntity>678B05E7-6758-71FC-3AEB-6A101933DBD3</sourceEntity>
<targetCardinalityString>*</targetCardinalityString>
<targetEntity>6238CB4B-E149-04F8-3DAB-CE9D093E6FEC</targetEntity>
<transferable>true</transferable>
<deleteRule>NO ACTION</deleteRule>
</Relation>