<?xml version = '1.0' encoding = 'UTF-8'?>
<Relation class="oracle.dbtools.crest.model.design.logical.Relation" name="Relation_14" directorySegmentName="seg_0" id="37E6B29F-6CA3-1D14-F259-FCA039844719">
<createdBy>SSDD</createdBy>
<createdTime>2025-05-13 18:47:08 UTC</createdTime>
<ownerDesignName>beta_base</ownerDesignName>
<engineerTo>
<item key="4EF3277E-7E04-22F9-AF32-94D5BA3E1E09" value="true"/>
</engineerTo>
<targetPk>12FE3AB2-1985-FD56-89CE-1FBE5DB7603D</targetPk>
<identifying>false</identifying>
<optionalSource>false</optionalSource>
<optionalTarget>false</optionalTarget>
<sourceCardinality>*</sourceCardinality>
<sourceEntity>15C1E9E0-D1BF-F587-F2A3-CB8408822042</sourceEntity>
<targetCardinalityString>1</targetCardinalityString>
<targetEntity>5C75E038-6878-A2E4-2404-4B1BF1AA4520</targetEntity>
<transferable>true</transferable>
<deleteRule>NO ACTION</deleteRule>
</Relation>