<?xml version = '1.0' encoding = 'UTF-8'?>
<Relation class="oracle.dbtools.crest.model.design.logical.Relation" name="Relation_24" directorySegmentName="seg_0" id="4BE68DE3-F415-393B-B655-14DCE823DA68">
<createdBy>Citt</createdBy>
<createdTime>2025-05-16 16:45:52 UTC</createdTime>
<ownerDesignName>beta_base</ownerDesignName>
<engineerTo>
<item key="4EF3277E-7E04-22F9-AF32-94D5BA3E1E09" value="true"/>
</engineerTo>
<sourcePk>9B1AFEC2-5630-D680-1D75-B84E52185E8A</sourcePk>
<identifying>true</identifying>
<optionalSource>false</optionalSource>
<optionalTarget>false</optionalTarget>
<sourceCardinality>1</sourceCardinality>
<sourceEntity>921ED18D-236C-0221-55AF-5120FC7B3AD7</sourceEntity>
<targetCardinalityString>*</targetCardinalityString>
<targetEntity>082ED75E-F3BF-6C62-186B-51166173A538</targetEntity>
<transferable>true</transferable>
<deleteRule>NO ACTION</deleteRule>
</Relation>