<?xml version = '1.0' encoding = 'UTF-8'?>
<Relation class="oracle.dbtools.crest.model.design.logical.Relation" name="Relation_26" directorySegmentName="seg_0" id="538D3E4D-7A41-AB1D-02E2-0C77E613CBFB">
<createdBy>Citt</createdBy>
<createdTime>2025-05-16 16:57:15 UTC</createdTime>
<ownerDesignName>beta_base</ownerDesignName>
<engineerTo>
<item key="4EF3277E-7E04-22F9-AF32-94D5BA3E1E09" value="true"/>
</engineerTo>
<sourcePk>26B3882A-D464-59DB-6FD1-EF1728190110</sourcePk>
<identifying>true</identifying>
<optionalSource>false</optionalSource>
<optionalTarget>false</optionalTarget>
<sourceCardinality>1</sourceCardinality>
<sourceEntity>62832613-F92F-BC3A-BD9D-6203A7734196</sourceEntity>
<targetCardinalityString>*</targetCardinalityString>
<targetEntity>7A66E4B2-788C-5EFB-AB3E-90EEE9802F98</targetEntity>
<transferable>true</transferable>
<deleteRule>NO ACTION</deleteRule>
</Relation>