<?xml version = '1.0' encoding = 'UTF-8'?>
<Relation class="oracle.dbtools.crest.model.design.logical.Relation" name="Relation_27" directorySegmentName="seg_0" id="645D80D7-14E5-488E-64BD-788EB9573F41">
<createdBy>Citt</createdBy>
<createdTime>2025-05-16 16:57:35 UTC</createdTime>
<ownerDesignName>beta_base</ownerDesignName>
<engineerTo>
<item key="4EF3277E-7E04-22F9-AF32-94D5BA3E1E09" value="true"/>
</engineerTo>
<sourcePk>2F889425-2885-FE03-1BCD-3ABC6901FEDF</sourcePk>
<identifying>true</identifying>
<optionalSource>false</optionalSource>
<optionalTarget>false</optionalTarget>
<sourceCardinality>1</sourceCardinality>
<sourceEntity>8C08322B-3BB2-5EE7-EF77-BAF5B5F2B832</sourceEntity>
<targetCardinalityString>*</targetCardinalityString>
<targetEntity>7A66E4B2-788C-5EFB-AB3E-90EEE9802F98</targetEntity>
<transferable>true</transferable>
<deleteRule>NO ACTION</deleteRule>
</Relation>