<?xml version = '1.0' encoding = 'UTF-8'?>
<Relation class="oracle.dbtools.crest.model.design.logical.Relation" name="Relation_22" directorySegmentName="seg_0" id="7766052F-320E-6AA1-96DE-04DAE5B499BB">
<createdBy>bruno</createdBy>
<createdTime>2025-05-14 11:07:03 UTC</createdTime>
<ownerDesignName>beta_base</ownerDesignName>
<engineerTo>
<item key="4EF3277E-7E04-22F9-AF32-94D5BA3E1E09" value="true"/>
</engineerTo>
<sourcePk>12FE3AB2-1985-FD56-89CE-1FBE5DB7603D</sourcePk>
<identifying>false</identifying>
<optionalSource>false</optionalSource>
<optionalTarget>false</optionalTarget>
<sourceCardinality>1</sourceCardinality>
<sourceEntity>5C75E038-6878-A2E4-2404-4B1BF1AA4520</sourceEntity>
<targetCardinalityString>*</targetCardinalityString>
<targetEntity>39EFDBC5-6D9E-EB36-EC6E-3988F153958A</targetEntity>
<transferable>true</transferable>
<deleteRule>NO ACTION</deleteRule>
</Relation>