<?xml version = '1.0' encoding = 'UTF-8'?>
<Relation class="oracle.dbtools.crest.model.design.logical.Relation" name="Relation_13" directorySegmentName="seg_0" id="9EBBA53F-A709-6988-3644-FD1261EB4276">
<createdBy>SSDD</createdBy>
<createdTime>2025-05-13 18:46:05 UTC</createdTime>
<ownerDesignName>beta_base</ownerDesignName>
<engineerTo>
<item key="4EF3277E-7E04-22F9-AF32-94D5BA3E1E09" value="true"/>
</engineerTo>
<sourcePk>C0697C40-9FC6-244F-B8A1-85B8F2436BF5</sourcePk>
<identifying>false</identifying>
<optionalSource>false</optionalSource>
<optionalTarget>false</optionalTarget>
<sourceCardinality>1</sourceCardinality>
<sourceEntity>62832613-F92F-BC3A-BD9D-6203A7734196</sourceEntity>
<targetCardinalityString>*</targetCardinalityString>
<targetEntity>7356F64B-3609-A6C2-8DC9-5D148F323D17</targetEntity>
<transferable>true</transferable>
<deleteRule>NO ACTION</deleteRule>
</Relation>