<?xml version = '1.0' encoding = 'UTF-8'?>
<Relation class="oracle.dbtools.crest.model.design.logical.Relation" name="Relation_25" directorySegmentName="seg_0" id="BDE558CD-4B0B-58F2-2060-DA40BC1FCA62">
<createdBy>Citt</createdBy>
<createdTime>2025-05-16 16:46:13 UTC</createdTime>
<ownerDesignName>beta_base</ownerDesignName>
<engineerTo>
<item key="4EF3277E-7E04-22F9-AF32-94D5BA3E1E09" value="true"/>
</engineerTo>
<sourcePk>F48D6B8A-65FA-56B7-7CC5-9E032D8F214E</sourcePk>
<identifying>true</identifying>
<optionalSource>false</optionalSource>
<optionalTarget>false</optionalTarget>
<sourceCardinality>1</sourceCardinality>
<sourceEntity>082ED75E-F3BF-6C62-186B-51166173A538</sourceEntity>
<targetCardinalityString>*</targetCardinalityString>
<targetEntity>6171E937-47CA-B538-E6FE-A597DEE77849</targetEntity>
<transferable>true</transferable>
<deleteRule>NO ACTION</deleteRule>
</Relation>