<?xml version = '1.0' encoding = 'UTF-8'?>
<Relation class="oracle.dbtools.crest.model.design.logical.Relation" name="Relation_4" directorySegmentName="seg_0" id="C342BE2F-1EA0-47AF-D6DF-DA241BDE16FE">
<createdBy>SSDD</createdBy>
<createdTime>2025-05-13 18:39:46 UTC</createdTime>
<ownerDesignName>beta_base</ownerDesignName>
<engineerTo>
<item key="4EF3277E-7E04-22F9-AF32-94D5BA3E1E09" value="true"/>
</engineerTo>
<sourcePk>1585C720-4DDA-EF97-665A-9FFAC0EE99F0</sourcePk>
<identifying>false</identifying>
<optionalSource>false</optionalSource>
<optionalTarget>false</optionalTarget>
<sourceCardinality>1</sourceCardinality>
<sourceEntity>CE59A5D8-195E-D36D-388E-DBB98B82B2C2</sourceEntity>
<targetCardinalityString>*</targetCardinalityString>
<targetEntity>396AE4CD-72B8-2546-24D2-3666BB5FDF23</targetEntity>
<transferable>true</transferable>
<deleteRule>NO ACTION</deleteRule>
</Relation>