<?xml version = '1.0' encoding = 'UTF-8'?>
<Relation class="oracle.dbtools.crest.model.design.logical.Relation" name="Relation_11" directorySegmentName="seg_0" id="DCFD613B-9ACB-F0C4-F085-F21148AF50FD">
<createdBy>SSDD</createdBy>
<createdTime>2025-05-13 18:45:20 UTC</createdTime>
<ownerDesignName>beta_base</ownerDesignName>
<engineerTo>
<item key="4EF3277E-7E04-22F9-AF32-94D5BA3E1E09" value="true"/>
</engineerTo>
<sourcePk>2F889425-2885-FE03-1BCD-3ABC6901FEDF</sourcePk>
<identifying>false</identifying>
<optionalSource>false</optionalSource>
<optionalTarget>false</optionalTarget>
<sourceCardinality>1</sourceCardinality>
<sourceEntity>8C08322B-3BB2-5EE7-EF77-BAF5B5F2B832</sourceEntity>
<targetCardinalityString>*</targetCardinalityString>
<targetEntity>6238CB4B-E149-04F8-3DAB-CE9D093E6FEC</targetEntity>
<transferable>true</transferable>
<deleteRule>NO ACTION</deleteRule>
</Relation>