<?xml version = '1.0' encoding = 'UTF-8'?>
<Relation class="oracle.dbtools.crest.model.design.logical.Relation" name="Relation_6" directorySegmentName="seg_0" id="E49BE542-F9EC-F0B7-92E5-88AE24B0C2B4">
<createdBy>SSDD</createdBy>
<createdTime>2025-05-13 18:42:45 UTC</createdTime>
<ownerDesignName>beta_base</ownerDesignName>
<engineerTo>
<item key="4EF3277E-7E04-22F9-AF32-94D5BA3E1E09" value="true"/>
</engineerTo>
<sourcePk>D2A08FFC-DAEA-8280-7CCC-2C42D6EFE5F3</sourcePk>
<identifying>false</identifying>
<optionalSource>false</optionalSource>
<optionalTarget>false</optionalTarget>
<sourceCardinality>1</sourceCardinality>
<sourceEntity>0387B1B6-CD71-3973-2EA8-90F3DEA99E72</sourceEntity>
<targetCardinalityString>*</targetCardinalityString>
<targetEntity>62832613-F92F-BC3A-BD9D-6203A7734196</targetEntity>
<transferable>true</transferable>
<deleteRule>NO ACTION</deleteRule>
</Relation>