<?xml version = '1.0' encoding = 'UTF-8'?>
<Relation class="oracle.dbtools.crest.model.design.logical.Relation" name="Relation_9" directorySegmentName="seg_0" id="E6B83343-0E6C-0E8F-081E-A83643D8600F">
<createdBy>SSDD</createdBy>
<createdTime>2025-05-13 18:44:35 UTC</createdTime>
<ownerDesignName>beta_base</ownerDesignName>
<engineerTo>
<item key="4EF3277E-7E04-22F9-AF32-94D5BA3E1E09" value="true"/>
</engineerTo>
<sourcePk>A7AEBA37-22D7-19DA-43AE-F4AFBD19D9E9</sourcePk>
<identifying>false</identifying>
<optionalSource>false</optionalSource>
<optionalTarget>false</optionalTarget>
<sourceCardinality>1</sourceCardinality>
<sourceEntity>5E5346DD-BC86-6343-AA01-1F7BEDA98F6E</sourceEntity>
<targetCardinalityString>*</targetCardinalityString>
<targetEntity>8C08322B-3BB2-5EE7-EF77-BAF5B5F2B832</targetEntity>
<transferable>true</transferable>
<deleteRule>NO ACTION</deleteRule>
</Relation>