<?xml version = '1.0' encoding = 'UTF-8'?>
<Relation class="oracle.dbtools.crest.model.design.logical.Relation" name="Relation_21" directorySegmentName="seg_0" id="EE48445B-C4A8-0724-3B52-AB57E5774AD7">
<createdBy>bruno</createdBy>
<createdTime>2025-05-14 10:47:52 UTC</createdTime>
<ownerDesignName>beta_base</ownerDesignName>
<engineerTo>
<item key="4EF3277E-7E04-22F9-AF32-94D5BA3E1E09" value="true"/>
</engineerTo>
<sourcePk>C0697C40-9FC6-244F-B8A1-85B8F2436BF5</sourcePk>
<identifying>false</identifying>
<optionalSource>false</optionalSource>
<optionalTarget>false</optionalTarget>
<sourceCardinality>1</sourceCardinality>
<sourceEntity>396AE4CD-72B8-2546-24D2-3666BB5FDF23</sourceEntity>
<targetCardinalityString>*</targetCardinalityString>
<targetEntity>5C75E038-6878-A2E4-2404-4B1BF1AA4520</targetEntity>
<transferable>true</transferable>
<deleteRule>NO ACTION</deleteRule>
</Relation>