<?xml version = '1.0' encoding = 'UTF-8'?>
<Relation class="oracle.dbtools.crest.model.design.logical.Relation" name="Relation_5" directorySegmentName="seg_0" id="F2BBC6E5-F72D-66EB-1D13-95E8008DC757">
<createdBy>SSDD</createdBy>
<createdTime>2025-05-13 18:42:20 UTC</createdTime>
<ownerDesignName>beta_base</ownerDesignName>
<engineerTo>
<item key="4EF3277E-7E04-22F9-AF32-94D5BA3E1E09" value="true"/>
</engineerTo>
<sourcePk>C0697C40-9FC6-244F-B8A1-85B8F2436BF5</sourcePk>
<identifying>false</identifying>
<optionalSource>false</optionalSource>
<optionalTarget>false</optionalTarget>
<sourceCardinality>1</sourceCardinality>
<sourceEntity>396AE4CD-72B8-2546-24D2-3666BB5FDF23</sourceEntity>
<targetCardinalityString>*</targetCardinalityString>
<targetEntity>62832613-F92F-BC3A-BD9D-6203A7734196</targetEntity>
<transferable>true</transferable>
<deleteRule>NO ACTION</deleteRule>
</Relation>