<?xml version = '1.0' encoding = 'UTF-8'?>
<Table class="oracle.dbtools.crest.model.design.relational.Table" directorySegmentName="seg_0" id="229ACDF9-339C-8025-643A-6351280153C7" name="DIRECCION">
<createdBy>Citt</createdBy>
<createdTime>2025-05-16 17:18:20 UTC</createdTime>
<generatorID>6171E937-47CA-B538-E6FE-A597DEE77849</generatorID>
<ownerDesignName>beta_base</ownerDesignName>
<allowColumnReorder>false</allowColumnReorder>
<existDependencyGenerateInDDl>true</existDependencyGenerateInDDl>
<parsed>true</parsed>
<columns itemClass="oracle.dbtools.crest.model.design.relational.Column">
<Column name="USUARIO_id_usuario" id="98FFB6D5-4C11-5702-51B6-6796D367D1CA">
<createdBy>Citt</createdBy>
<createdTime>2025-05-16 17:18:20 UTC</createdTime>
<generatorID>E06C54DD-8703-25FA-B2F2-68D5EC160956</generatorID>
<ownerDesignName>beta_base</ownerDesignName>
<useDomainConstraints>false</useDomainConstraints>
<use>1</use>
<logicalDatatype>LOGDT011</logicalDatatype>
<ownDataTypeParameters>,,</ownDataTypeParameters>
<previousColumn>false</previousColumn>
<autoIncrementCycle>false</autoIncrementCycle>
<associations>
<colAssociation fkAssociation="948BD275-959F-8E05-B45F-044C736CCACD" referredColumn="A8B21083-CDEA-6DC3-FA5E-AAD8964A20F1"/>
</associations>
</Column>
<Column name="id_direccion" id="D7A3E22B-26C6-D1AD-B69E-865F87889464">
<createdBy>Citt</createdBy>
<createdTime>2025-05-16 17:18:20 UTC</createdTime>
<generatorID>A02FC531-9941-84A9-C5BE-4102F7591D2E</generatorID>
<ownerDesignName>beta_base</ownerDesignName>
<useDomainConstraints>false</useDomainConstraints>
<use>1</use>
<logicalDatatype>LOGDT011</logicalDatatype>
<ownDataTypeParameters>,,</ownDataTypeParameters>
<autoIncrementCycle>false</autoIncrementCycle>
</Column>
<Column name="calle" id="C980F9DF-DF85-2CDE-FC87-D57693000491">
<createdBy>Citt</createdBy>
<createdTime>2025-05-16 17:18:20 UTC</createdTime>
<generatorID>8BDD7C05-4FA2-DFB2-F8E6-DC4720AACC39</generatorID>
<ownerDesignName>beta_base</ownerDesignName>
<useDomainConstraints>false</useDomainConstraints>
<use>1</use>
<logicalDatatype>LOGDT024</logicalDatatype>
<dataTypeSize>20</dataTypeSize>
<ownDataTypeParameters>20,,</ownDataTypeParameters>
<autoIncrementCycle>false</autoIncrementCycle>
</Column>
<Column name="numero" id="6F794C1B-5417-874D-050E-5BEDA1BF5C65">
<createdBy>Citt</createdBy>
<createdTime>2025-05-16 17:18:20 UTC</createdTime>
<generatorID>429651B5-3FAE-3769-8E6D-81318D1A581D</generatorID>
<ownerDesignName>beta_base</ownerDesignName>
<useDomainConstraints>false</useDomainConstraints>
<use>1</use>
<logicalDatatype>LOGDT011</logicalDatatype>
<ownDataTypeParameters>,,</ownDataTypeParameters>
<autoIncrementCycle>false</autoIncrementCycle>
</Column>
<Column name="COMUNA_id_comuna" id="B8E82677-D8CC-3D58-358A-9CCB10B9176B">
<createdBy>Citt</createdBy>
<createdTime>2025-05-16 17:18:20 UTC</createdTime>
<generatorID>E71011DE-4591-F366-BDBC-F46D1809FC69</generatorID>
<ownerDesignName>beta_base</ownerDesignName>
<useDomainConstraints>false</useDomainConstraints>
<use>1</use>
<logicalDatatype>LOGDT011</logicalDatatype>
<ownDataTypeParameters>,,</ownDataTypeParameters>
<previousColumn>false</previousColumn>
<autoIncrementCycle>false</autoIncrementCycle>
<associations>
<colAssociation fkAssociation="E96C67C1-6433-990F-A88E-EBCC50BBA63B" referredColumn="CBC492D2-FC68-3309-8AE3-843DCB3A7997"/>
</associations>
</Column>
<Column name="COMUNA_REGION_id_region" id="DF5F4DBE-5709-DAE4-2821-9FA2F8138F1E">
<createdBy>Citt</createdBy>
<createdTime>2025-05-16 17:18:20 UTC</createdTime>
<generatorID>0EBD14E2-9B77-04B1-F06A-AC267123E8C8</generatorID>
<ownerDesignName>beta_base</ownerDesignName>
<useDomainConstraints>false</useDomainConstraints>
<use>1</use>
<logicalDatatype>LOGDT011</logicalDatatype>
<ownDataTypeParameters>,,</ownDataTypeParameters>
<previousColumn>false</previousColumn>
<autoIncrementCycle>false</autoIncrementCycle>
<associations>
<colAssociation fkAssociation="E96C67C1-6433-990F-A88E-EBCC50BBA63B" referredColumn="36A9ECDE-8D37-DAD0-A9DD-580F3B96AD0C"/>
</associations>
</Column>
</columns>
<indexes itemClass="oracle.dbtools.crest.model.design.relational.Index">
<ind_PK_UK id="93CFE976-EB73-F006-0FB2-D5D4EDE094FE" name="DIRECCION_PK">
<createdBy>Citt</createdBy>
<createdTime>2025-05-16 17:18:20 UTC</createdTime>
<generatorID>4028CE2D-AA46-1DB4-F06B-5252E6304EC0</generatorID>
<ownerDesignName>beta_base</ownerDesignName>
<pk>true</pk>
<indexState>Primary Constraint</indexState>
<isSurrogateKey>false</isSurrogateKey>
<indexColumnUsage>
<colUsage columnID="D7A3E22B-26C6-D1AD-B69E-865F87889464"/>
<colUsage columnID="B8E82677-D8CC-3D58-358A-9CCB10B9176B"/>
<colUsage columnID="DF5F4DBE-5709-DAE4-2821-9FA2F8138F1E"/>
</indexColumnUsage>
</ind_PK_UK>
<ind_PK_UK id="944883EE-6C49-5022-17E3-386AE6E66066" name="DIRECCION_COMUNA_FK">
<createdBy>Citt</createdBy>
<createdTime>2025-05-16 17:18:20 UTC</createdTime>
<generatorID>BDE558CD-4B0B-58F2-2060-DA40BC1FCA62</generatorID>
<ownerDesignName>beta_base</ownerDesignName>
<indexState>Foreign Key</indexState>
<isSurrogateKey>false</isSurrogateKey>
<indexColumnUsage>
<colUsage columnID="B8E82677-D8CC-3D58-358A-9CCB10B9176B"/>
<colUsage columnID="DF5F4DBE-5709-DAE4-2821-9FA2F8138F1E"/>
</indexColumnUsage>
</ind_PK_UK>
<ind_PK_UK id="97C11E7B-B100-3DE9-0D13-537618A13151" name="DIRECCION_USUARIO_FK">
<createdBy>Citt</createdBy>
<createdTime>2025-05-16 17:18:20 UTC</createdTime>
<generatorID>0D0723E6-2940-3946-45AA-555893C0A0A5</generatorID>
<ownerDesignName>beta_base</ownerDesignName>
<indexState>Foreign Key</indexState>
<isSurrogateKey>false</isSurrogateKey>
<indexColumnUsage>
<colUsage columnID="98FFB6D5-4C11-5702-51B6-6796D367D1CA"/>
</indexColumnUsage>
</ind_PK_UK>
</indexes>
</Table>