<?xml version = '1.0' encoding = 'UTF-8'?>
<Table class="oracle.dbtools.crest.model.design.relational.Table" directorySegmentName="seg_0" id="328A3EAB-312F-FF27-65C2-AC3FD9B57EB9" name="TIPO_SOP">
<createdBy>Citt</createdBy>
<createdTime>2025-05-16 17:18:20 UTC</createdTime>
<generatorID>39EFDBC5-6D9E-EB36-EC6E-3988F153958A</generatorID>
<ownerDesignName>beta_base</ownerDesignName>
<allowColumnReorder>false</allowColumnReorder>
<existDependencyGenerateInDDl>true</existDependencyGenerateInDDl>
<parsed>true</parsed>
<columns itemClass="oracle.dbtools.crest.model.design.relational.Column">
<Column name="id_soporte" id="E4A1714B-D1AF-A70C-7151-59B79906FBCD">
<createdBy>Citt</createdBy>
<createdTime>2025-05-16 17:18:20 UTC</createdTime>
<generatorID>9C3BE9CF-7462-90A0-18E6-18980EBA1EDE</generatorID>
<ownerDesignName>beta_base</ownerDesignName>
<useDomainConstraints>false</useDomainConstraints>
<use>1</use>
<logicalDatatype>LOGDT011</logicalDatatype>
<ownDataTypeParameters>,,</ownDataTypeParameters>
<autoIncrementCycle>false</autoIncrementCycle>
</Column>
<Column name="nombre" id="08C844C2-3AEB-F1AC-01F7-41EC234F6FBC">
<createdBy>Citt</createdBy>
<createdTime>2025-05-16 17:18:20 UTC</createdTime>
<generatorID>1AC5C764-11C9-2D50-BBF5-5A69E38D2AEA</generatorID>
<ownerDesignName>beta_base</ownerDesignName>
<useDomainConstraints>false</useDomainConstraints>
<use>1</use>
<logicalDatatype>LOGDT024</logicalDatatype>
<dataTypeSize>10</dataTypeSize>
<ownDataTypeParameters>10,,</ownDataTypeParameters>
<autoIncrementCycle>false</autoIncrementCycle>
</Column>
<Column name="TICKET_id_ticket" id="AF3839F1-7E5A-9CD9-DE3B-409B22A37EED">
<createdBy>Citt</createdBy>
<createdTime>2025-05-16 17:18:20 UTC</createdTime>
<generatorID>4B0DFA9E-02D0-6B8D-637B-F1B1FECC4A73</generatorID>
<ownerDesignName>beta_base</ownerDesignName>
<useDomainConstraints>false</useDomainConstraints>
<use>1</use>
<logicalDatatype>LOGDT011</logicalDatatype>
<ownDataTypeParameters>,,</ownDataTypeParameters>
<previousColumn>false</previousColumn>
<autoIncrementCycle>false</autoIncrementCycle>
<associations>
<colAssociation fkAssociation="EAA17A83-EB0A-09F0-ADDC-8EC6BCA7DA99" referredColumn="DA92C3F4-7DF0-DE18-8A56-9B838983B635"/>
</associations>
</Column>
</columns>
<indexes itemClass="oracle.dbtools.crest.model.design.relational.Index">
<ind_PK_UK id="582C48E5-9162-9A11-C85E-0ABD45E5A363" name="TIPO_SOP_PK">
<createdBy>Citt</createdBy>
<createdTime>2025-05-16 17:18:20 UTC</createdTime>
<generatorID>55AF7CE4-0325-C3AF-0D68-FDD3724C92D6</generatorID>
<ownerDesignName>beta_base</ownerDesignName>
<pk>true</pk>
<indexState>Primary Constraint</indexState>
<isSurrogateKey>false</isSurrogateKey>
<indexColumnUsage>
<colUsage columnID="E4A1714B-D1AF-A70C-7151-59B79906FBCD"/>
</indexColumnUsage>
</ind_PK_UK>
<ind_PK_UK id="CE38976E-E65B-D084-A4EA-BBCAB0980CCE" name="TIPO_SOP_TICKET_FK">
<createdBy>Citt</createdBy>
<createdTime>2025-05-16 17:18:20 UTC</createdTime>
<generatorID>7766052F-320E-6AA1-96DE-04DAE5B499BB</generatorID>
<ownerDesignName>beta_base</ownerDesignName>
<indexState>Foreign Key</indexState>
<isSurrogateKey>false</isSurrogateKey>
<indexColumnUsage>
<colUsage columnID="AF3839F1-7E5A-9CD9-DE3B-409B22A37EED"/>
</indexColumnUsage>
</ind_PK_UK>
</indexes>
</Table>