<?xml version = '1.0' encoding = 'UTF-8'?>
<Table class="oracle.dbtools.crest.model.design.relational.Table" directorySegmentName="seg_0" id="53BF4E15-7D1B-CF36-DDC1-103D2DC69D6A" name="SOPORTE">
<createdBy>Citt</createdBy>
<createdTime>2025-05-16 17:18:20 UTC</createdTime>
<generatorID>15C1E9E0-D1BF-F587-F2A3-CB8408822042</generatorID>
<ownerDesignName>beta_base</ownerDesignName>
<allowColumnReorder>false</allowColumnReorder>
<existDependencyGenerateInDDl>true</existDependencyGenerateInDDl>
<parsed>true</parsed>
<columns itemClass="oracle.dbtools.crest.model.design.relational.Column">
<Column name="TICKET_id_ticket" id="2A09DB79-44D7-C0C8-00B6-B0CA7FBBE90C">
<createdBy>Citt</createdBy>
<createdTime>2025-05-16 17:18:20 UTC</createdTime>
<generatorID>45BE88DD-213E-FA31-912D-6028471E59F7</generatorID>
<ownerDesignName>beta_base</ownerDesignName>
<useDomainConstraints>false</useDomainConstraints>
<use>1</use>
<logicalDatatype>LOGDT011</logicalDatatype>
<ownDataTypeParameters>,,</ownDataTypeParameters>
<previousColumn>false</previousColumn>
<autoIncrementCycle>false</autoIncrementCycle>
<associations>
<colAssociation fkAssociation="ED95BF44-9AF1-083F-20CE-7D87664B54EC" referredColumn="DA92C3F4-7DF0-DE18-8A56-9B838983B635"/>
</associations>
</Column>
<Column name="id_soporte" id="935D047A-86DB-DF73-A4EE-A812114486C6">
<createdBy>Citt</createdBy>
<createdTime>2025-05-16 17:18:20 UTC</createdTime>
<generatorID>7C8FE70F-327D-68B0-B622-5FE5105E4880</generatorID>
<ownerDesignName>beta_base</ownerDesignName>
<useDomainConstraints>false</useDomainConstraints>
<use>1</use>
<logicalDatatype>LOGDT011</logicalDatatype>
<ownDataTypeParameters>,,</ownDataTypeParameters>
<autoIncrementCycle>false</autoIncrementCycle>
</Column>
<Column name="observacion" id="CB45154E-09B7-34EC-1374-0C422FBE4F8A">
<createdBy>Citt</createdBy>
<createdTime>2025-05-16 17:18:20 UTC</createdTime>
<generatorID>0B808AB6-AFC0-DCF8-EDD6-86623EB627C5</generatorID>
<ownerDesignName>beta_base</ownerDesignName>
<nullsAllowed>true</nullsAllowed>
<useDomainConstraints>false</useDomainConstraints>
<use>1</use>
<logicalDatatype>LOGDT024</logicalDatatype>
<dataTypeSize>100</dataTypeSize>
<ownDataTypeParameters>100,,</ownDataTypeParameters>
<autoIncrementCycle>false</autoIncrementCycle>
</Column>
<Column name="fec_soporte" id="6A956E2C-9C5A-F095-D9F8-9FD22EC655CD">
<createdBy>Citt</createdBy>
<createdTime>2025-05-16 17:18:20 UTC</createdTime>
<generatorID>517435AE-CAE2-9AED-1E96-5FFAF1F63B59</generatorID>
<ownerDesignName>beta_base</ownerDesignName>
<useDomainConstraints>false</useDomainConstraints>
<use>1</use>
<logicalDatatype>LOGDT007</logicalDatatype>
<ownDataTypeParameters>,,</ownDataTypeParameters>
<autoIncrementCycle>false</autoIncrementCycle>
</Column>
</columns>
<indexes itemClass="oracle.dbtools.crest.model.design.relational.Index">
<ind_PK_UK id="814875E7-0645-5750-A456-C2480D7A1A19" name="SOPORTE_PK">
<createdBy>Citt</createdBy>
<createdTime>2025-05-16 17:18:20 UTC</createdTime>
<generatorID>F0268D38-72E8-7279-E624-80C5301CD171</generatorID>
<ownerDesignName>beta_base</ownerDesignName>
<pk>true</pk>
<indexState>Primary Constraint</indexState>
<isSurrogateKey>false</isSurrogateKey>
<indexColumnUsage>
<colUsage columnID="935D047A-86DB-DF73-A4EE-A812114486C6"/>
</indexColumnUsage>
</ind_PK_UK>
<ind_PK_UK id="F6D92360-FB8A-C2ED-1C8A-4BF491103224" name="SOPORTE_TICKET_FK">
<createdBy>Citt</createdBy>
<createdTime>2025-05-16 17:18:20 UTC</createdTime>
<generatorID>37E6B29F-6CA3-1D14-F259-FCA039844719</generatorID>
<ownerDesignName>beta_base</ownerDesignName>
<indexState>Foreign Key</indexState>
<isSurrogateKey>false</isSurrogateKey>
<indexColumnUsage>
<colUsage columnID="2A09DB79-44D7-C0C8-00B6-B0CA7FBBE90C"/>
</indexColumnUsage>
</ind_PK_UK>
</indexes>
</Table>