<?xml version = '1.0' encoding = 'UTF-8'?>
<Table class="oracle.dbtools.crest.model.design.relational.Table" directorySegmentName="seg_0" id="554DF329-94AE-628E-EAEE-F485BE20DEEE" name="REGION">
<createdBy>Citt</createdBy>
<createdTime>2025-05-16 17:18:20 UTC</createdTime>
<generatorID>921ED18D-236C-0221-55AF-5120FC7B3AD7</generatorID>
<ownerDesignName>beta_base</ownerDesignName>
<allowColumnReorder>false</allowColumnReorder>
<existDependencyGenerateInDDl>true</existDependencyGenerateInDDl>
<parsed>true</parsed>
<columns itemClass="oracle.dbtools.crest.model.design.relational.Column">
<Column name="id_region" id="558662DB-9433-A0F7-038A-66AD47736BA7">
<createdBy>Citt</createdBy>
<createdTime>2025-05-16 17:18:20 UTC</createdTime>
<generatorID>26F6B3C1-E4A4-7A44-C606-800E851DD2EC</generatorID>
<ownerDesignName>beta_base</ownerDesignName>
<useDomainConstraints>false</useDomainConstraints>
<use>1</use>
<logicalDatatype>LOGDT011</logicalDatatype>
<ownDataTypeParameters>,,</ownDataTypeParameters>
<autoIncrementCycle>false</autoIncrementCycle>
</Column>
<Column name="nombre" id="0A450015-C112-D5B1-306A-BD38A38A9F94">
<createdBy>Citt</createdBy>
<createdTime>2025-05-16 17:18:20 UTC</createdTime>
<generatorID>BBAFDE96-B7AF-6DA6-3CE1-8467F0177FB0</generatorID>
<ownerDesignName>beta_base</ownerDesignName>
<useDomainConstraints>false</useDomainConstraints>
<use>1</use>
<logicalDatatype>LOGDT024</logicalDatatype>
<dataTypeSize>15</dataTypeSize>
<ownDataTypeParameters>15,,</ownDataTypeParameters>
<autoIncrementCycle>false</autoIncrementCycle>
</Column>
</columns>
<indexes itemClass="oracle.dbtools.crest.model.design.relational.Index">
<ind_PK_UK id="C3BAF147-4150-5D95-DB9E-163C8C93F8EE" name="REGION_PK">
<createdBy>Citt</createdBy>
<createdTime>2025-05-16 17:18:20 UTC</createdTime>
<generatorID>9B1AFEC2-5630-D680-1D75-B84E52185E8A</generatorID>
<ownerDesignName>beta_base</ownerDesignName>
<pk>true</pk>
<indexState>Primary Constraint</indexState>
<isSurrogateKey>false</isSurrogateKey>
<indexColumnUsage>
<colUsage columnID="558662DB-9433-A0F7-038A-66AD47736BA7"/>
</indexColumnUsage>
</ind_PK_UK>
</indexes>
</Table>