<?xml version = '1.0' encoding = 'UTF-8'?>
<Table class="oracle.dbtools.crest.model.design.relational.Table" directorySegmentName="seg_0" id="5FAF846F-DFD6-D6FC-3627-5D8251BD3C62" name="ESTADO">
<createdBy>Citt</createdBy>
<createdTime>2025-05-16 17:18:20 UTC</createdTime>
<generatorID>5E9DA5C3-8EE6-FE71-2BFA-DEC23D2BE46F</generatorID>
<ownerDesignName>beta_base</ownerDesignName>
<allowColumnReorder>false</allowColumnReorder>
<existDependencyGenerateInDDl>true</existDependencyGenerateInDDl>
<parsed>true</parsed>
<columns itemClass="oracle.dbtools.crest.model.design.relational.Column">
<Column name="id_estado" id="AA2A1E06-3805-7390-64A8-E33456AAA30D">
<createdBy>Citt</createdBy>
<createdTime>2025-05-16 17:18:20 UTC</createdTime>
<generatorID>E31F8C2A-D414-4893-A733-F74523DB0963</generatorID>
<ownerDesignName>beta_base</ownerDesignName>
<useDomainConstraints>false</useDomainConstraints>
<use>1</use>
<logicalDatatype>LOGDT011</logicalDatatype>
<ownDataTypeParameters>,,</ownDataTypeParameters>
<autoIncrementCycle>false</autoIncrementCycle>
</Column>
<Column name="nombre" id="0FE71259-15D3-AD11-887A-999522A4A6BB">
<createdBy>Citt</createdBy>
<createdTime>2025-05-16 17:18:20 UTC</createdTime>
<generatorID>57DCC4F2-BCD2-242B-B9E2-BD17DF82E194</generatorID>
<ownerDesignName>beta_base</ownerDesignName>
<useDomainConstraints>false</useDomainConstraints>
<use>1</use>
<logicalDatatype>LOGDT024</logicalDatatype>
<dataTypeSize>10</dataTypeSize>
<ownDataTypeParameters>10,,</ownDataTypeParameters>
<autoIncrementCycle>false</autoIncrementCycle>
</Column>
</columns>
<indexes itemClass="oracle.dbtools.crest.model.design.relational.Index">
<ind_PK_UK id="F1C68253-ABE1-8954-E5DD-E43D25D55C62" name="ESTADO_PK">
<createdBy>Citt</createdBy>
<createdTime>2025-05-16 17:18:20 UTC</createdTime>
<generatorID>83317AE9-03A3-9A53-B548-781C2235D234</generatorID>
<ownerDesignName>beta_base</ownerDesignName>
<pk>true</pk>
<indexState>Primary Constraint</indexState>
<isSurrogateKey>false</isSurrogateKey>
<indexColumnUsage>
<colUsage columnID="AA2A1E06-3805-7390-64A8-E33456AAA30D"/>
</indexColumnUsage>
</ind_PK_UK>
</indexes>
</Table>