<?xml version = '1.0' encoding = 'UTF-8'?>
<Table class="oracle.dbtools.crest.model.design.relational.Table" directorySegmentName="seg_0" id="8B66A9B4-44E5-F533-E6FC-057FD9B6FBD8" name="COMUNA">
<createdBy>Citt</createdBy>
<createdTime>2025-05-16 17:18:20 UTC</createdTime>
<generatorID>082ED75E-F3BF-6C62-186B-51166173A538</generatorID>
<ownerDesignName>beta_base</ownerDesignName>
<allowColumnReorder>false</allowColumnReorder>
<existDependencyGenerateInDDl>true</existDependencyGenerateInDDl>
<parsed>true</parsed>
<columns itemClass="oracle.dbtools.crest.model.design.relational.Column">
<Column name="id_comuna" id="CBC492D2-FC68-3309-8AE3-843DCB3A7997">
<createdBy>Citt</createdBy>
<createdTime>2025-05-16 17:18:20 UTC</createdTime>
<generatorID>9733DF23-8002-D47A-DCEA-3F0139B28663</generatorID>
<ownerDesignName>beta_base</ownerDesignName>
<useDomainConstraints>false</useDomainConstraints>
<use>1</use>
<logicalDatatype>LOGDT011</logicalDatatype>
<ownDataTypeParameters>,,</ownDataTypeParameters>
<autoIncrementCycle>false</autoIncrementCycle>
</Column>
<Column name="nombre" id="E42B94BF-A2AB-6E63-EC99-8E2824483C16">
<createdBy>Citt</createdBy>
<createdTime>2025-05-16 17:18:20 UTC</createdTime>
<generatorID>1E37F89D-ED24-6395-9717-2BFBBE493651</generatorID>
<ownerDesignName>beta_base</ownerDesignName>
<useDomainConstraints>false</useDomainConstraints>
<use>1</use>
<logicalDatatype>LOGDT024</logicalDatatype>
<dataTypeSize>20</dataTypeSize>
<ownDataTypeParameters>20,,</ownDataTypeParameters>
<autoIncrementCycle>false</autoIncrementCycle>
</Column>
<Column name="REGION_id_region" id="36A9ECDE-8D37-DAD0-A9DD-580F3B96AD0C">
<createdBy>Citt</createdBy>
<createdTime>2025-05-16 17:18:20 UTC</createdTime>
<generatorID>C1C1D092-5F4C-E9C0-66D8-ACFAA9B86E43</generatorID>
<ownerDesignName>beta_base</ownerDesignName>
<useDomainConstraints>false</useDomainConstraints>
<use>1</use>
<logicalDatatype>LOGDT011</logicalDatatype>
<ownDataTypeParameters>,,</ownDataTypeParameters>
<previousColumn>false</previousColumn>
<autoIncrementCycle>false</autoIncrementCycle>
<associations>
<colAssociation fkAssociation="4628067F-7FF9-2117-58C7-A97F8CA601F1" referredColumn="558662DB-9433-A0F7-038A-66AD47736BA7"/>
</associations>
</Column>
</columns>
<indexes itemClass="oracle.dbtools.crest.model.design.relational.Index">
<ind_PK_UK id="B3784D85-0058-A4C3-7E72-9686F906E5CD" name="COMUNA_PK">
<createdBy>Citt</createdBy>
<createdTime>2025-05-16 17:18:20 UTC</createdTime>
<generatorID>F48D6B8A-65FA-56B7-7CC5-9E032D8F214E</generatorID>
<ownerDesignName>beta_base</ownerDesignName>
<pk>true</pk>
<indexState>Primary Constraint</indexState>
<isSurrogateKey>false</isSurrogateKey>
<indexColumnUsage>
<colUsage columnID="CBC492D2-FC68-3309-8AE3-843DCB3A7997"/>
<colUsage columnID="36A9ECDE-8D37-DAD0-A9DD-580F3B96AD0C"/>
</indexColumnUsage>
</ind_PK_UK>
<ind_PK_UK id="1663A02A-1194-5516-60A7-EE63495AF8DB" name="COMUNA_REGION_FK">
<createdBy>Citt</createdBy>
<createdTime>2025-05-16 17:18:20 UTC</createdTime>
<generatorID>4BE68DE3-F415-393B-B655-14DCE823DA68</generatorID>
<ownerDesignName>beta_base</ownerDesignName>
<indexState>Foreign Key</indexState>
<isSurrogateKey>false</isSurrogateKey>
<indexColumnUsage>
<colUsage columnID="36A9ECDE-8D37-DAD0-A9DD-580F3B96AD0C"/>
</indexColumnUsage>
</ind_PK_UK>
</indexes>
</Table>