<?xml version = '1.0' encoding = 'UTF-8'?>
<Table class="oracle.dbtools.crest.model.design.relational.Table" directorySegmentName="seg_0" id="A7D4D018-1290-6CFA-57DC-58AD2A24B73B" name="VENTA">
<createdBy>Citt</createdBy>
<createdTime>2025-05-16 17:18:20 UTC</createdTime>
<generatorID>62832613-F92F-BC3A-BD9D-6203A7734196</generatorID>
<ownerDesignName>beta_base</ownerDesignName>
<allowColumnReorder>false</allowColumnReorder>
<existDependencyGenerateInDDl>true</existDependencyGenerateInDDl>
<parsed>true</parsed>
<columns itemClass="oracle.dbtools.crest.model.design.relational.Column">
<Column name="USUARIO_id_usuario" id="30E95E10-802C-D4F2-3DB3-8BA01F8FF6B3">
<createdBy>Citt</createdBy>
<createdTime>2025-05-16 17:18:20 UTC</createdTime>
<generatorID>EF84EA28-E614-4DB8-98EC-8B7207DC9D3B</generatorID>
<ownerDesignName>beta_base</ownerDesignName>
<useDomainConstraints>false</useDomainConstraints>
<use>1</use>
<logicalDatatype>LOGDT011</logicalDatatype>
<ownDataTypeParameters>,,</ownDataTypeParameters>
<previousColumn>false</previousColumn>
<autoIncrementCycle>false</autoIncrementCycle>
<associations>
<colAssociation fkAssociation="26C4DB11-D96B-15C8-CD18-52B83513C75B" referredColumn="A8B21083-CDEA-6DC3-FA5E-AAD8964A20F1"/>
</associations>
</Column>
<Column name="TIPO_id_tipo" id="E4CF126D-A3C0-FA07-AE73-8E7DA8F125E0">
<createdBy>Citt</createdBy>
<createdTime>2025-05-16 17:18:20 UTC</createdTime>
<generatorID>63C2BF09-9FAF-463E-5416-9FB48AF7BE28</generatorID>
<ownerDesignName>beta_base</ownerDesignName>
<useDomainConstraints>false</useDomainConstraints>
<use>1</use>
<logicalDatatype>LOGDT011</logicalDatatype>
<ownDataTypeParameters>,,</ownDataTypeParameters>
<previousColumn>false</previousColumn>
<autoIncrementCycle>false</autoIncrementCycle>
<associations>
<colAssociation fkAssociation="F01238FE-0D2D-1332-B012-A1F3169A166F" referredColumn="D593DF81-9728-269A-AD91-50BE355412BA"/>
</associations>
</Column>
<Column name="id_solicitud" id="B0BCAF78-AD86-F4C6-FE06-EEC8A635A7C0">
<createdBy>Citt</createdBy>
<createdTime>2025-05-16 17:18:20 UTC</createdTime>
<generatorID>C6EBFB83-9BFA-1D80-1686-C62344F0C62B</generatorID>
<ownerDesignName>beta_base</ownerDesignName>
<useDomainConstraints>false</useDomainConstraints>
<use>1</use>
<logicalDatatype>LOGDT011</logicalDatatype>
<ownDataTypeParameters>,,</ownDataTypeParameters>
<autoIncrementCycle>false</autoIncrementCycle>
</Column>
<Column name="fec_sol" id="C005826B-DE58-6F51-A82E-0D4CD682781C">
<createdBy>Citt</createdBy>
<createdTime>2025-05-16 17:18:20 UTC</createdTime>
<generatorID>E17737F1-C984-3DCC-51D9-63370B272992</generatorID>
<ownerDesignName>beta_base</ownerDesignName>
<useDomainConstraints>false</useDomainConstraints>
<use>1</use>
<logicalDatatype>LOGDT007</logicalDatatype>
<ownDataTypeParameters>,,</ownDataTypeParameters>
<autoIncrementCycle>false</autoIncrementCycle>
</Column>
<Column name="monto_total" id="02193B4E-9CD2-FFB8-2ECA-2A7418F2A9B8">
<createdBy>Citt</createdBy>
<createdTime>2025-05-16 17:18:20 UTC</createdTime>
<generatorID>1C82E0F7-A022-0A49-B256-30BA479100D7</generatorID>
<ownerDesignName>beta_base</ownerDesignName>
<useDomainConstraints>false</useDomainConstraints>
<use>1</use>
<logicalDatatype>LOGDT011</logicalDatatype>
<ownDataTypeParameters>,,</ownDataTypeParameters>
<autoIncrementCycle>false</autoIncrementCycle>
</Column>
<Column name="f_aprob" id="BB1B5115-6AE7-2B5A-79D4-176EDB1F8610">
<createdBy>Citt</createdBy>
<createdTime>2025-05-16 17:18:20 UTC</createdTime>
<generatorID>8523C1F8-91CB-FCE1-7831-4679A224939C</generatorID>
<ownerDesignName>beta_base</ownerDesignName>
<nullsAllowed>true</nullsAllowed>
<useDomainConstraints>false</useDomainConstraints>
<use>1</use>
<logicalDatatype>LOGDT007</logicalDatatype>
<ownDataTypeParameters>,,</ownDataTypeParameters>
<autoIncrementCycle>false</autoIncrementCycle>
</Column>
</columns>
<indexes itemClass="oracle.dbtools.crest.model.design.relational.Index">
<ind_PK_UK id="421504F1-AF42-2C3F-35CD-15AF4FC1B115" name="VENTA_PK">
<createdBy>Citt</createdBy>
<createdTime>2025-05-16 17:18:20 UTC</createdTime>
<generatorID>26B3882A-D464-59DB-6FD1-EF1728190110</generatorID>
<ownerDesignName>beta_base</ownerDesignName>
<pk>true</pk>
<indexState>Primary Constraint</indexState>
<isSurrogateKey>false</isSurrogateKey>
<indexColumnUsage>
<colUsage columnID="B0BCAF78-AD86-F4C6-FE06-EEC8A635A7C0"/>
</indexColumnUsage>
</ind_PK_UK>
<ind_PK_UK id="47CA588E-86CC-5289-1B7B-2B15A48FEFC5" name="VENTA_USUARIO_FK">
<createdBy>Citt</createdBy>
<createdTime>2025-05-16 17:18:20 UTC</createdTime>
<generatorID>F2BBC6E5-F72D-66EB-1D13-95E8008DC757</generatorID>
<ownerDesignName>beta_base</ownerDesignName>
<indexState>Foreign Key</indexState>
<isSurrogateKey>false</isSurrogateKey>
<indexColumnUsage>
<colUsage columnID="30E95E10-802C-D4F2-3DB3-8BA01F8FF6B3"/>
</indexColumnUsage>
</ind_PK_UK>
<ind_PK_UK id="42EECCE0-5619-940E-ED34-053D368B521A" name="VENTA_TIPO_FK">
<createdBy>Citt</createdBy>
<createdTime>2025-05-16 17:18:20 UTC</createdTime>
<generatorID>E49BE542-F9EC-F0B7-92E5-88AE24B0C2B4</generatorID>
<ownerDesignName>beta_base</ownerDesignName>
<indexState>Foreign Key</indexState>
<isSurrogateKey>false</isSurrogateKey>
<indexColumnUsage>
<colUsage columnID="E4CF126D-A3C0-FA07-AE73-8E7DA8F125E0"/>
</indexColumnUsage>
</ind_PK_UK>
</indexes>
</Table>