<?xml version = '1.0' encoding = 'UTF-8'?>
<Table class="oracle.dbtools.crest.model.design.relational.Table" directorySegmentName="seg_0" id="B28D9D6D-C709-5276-B555-1A4A134F3719" name="EQUIPO">
<createdBy>Citt</createdBy>
<createdTime>2025-05-16 17:18:20 UTC</createdTime>
<generatorID>8C08322B-3BB2-5EE7-EF77-BAF5B5F2B832</generatorID>
<ownerDesignName>beta_base</ownerDesignName>
<allowColumnReorder>false</allowColumnReorder>
<existDependencyGenerateInDDl>true</existDependencyGenerateInDDl>
<parsed>true</parsed>
<columns itemClass="oracle.dbtools.crest.model.design.relational.Column">
<Column name="ESTADO_id_estado" id="A96BA9D7-3E0B-5A54-EE22-34D3EC8AA5E0">
<createdBy>Citt</createdBy>
<createdTime>2025-05-16 17:18:20 UTC</createdTime>
<generatorID>E8DA6EAA-EB6E-8A17-D7DE-0323AFFFF5CE</generatorID>
<ownerDesignName>beta_base</ownerDesignName>
<useDomainConstraints>false</useDomainConstraints>
<use>1</use>
<logicalDatatype>LOGDT011</logicalDatatype>
<ownDataTypeParameters>,,</ownDataTypeParameters>
<previousColumn>false</previousColumn>
<autoIncrementCycle>false</autoIncrementCycle>
<associations>
<colAssociation fkAssociation="68549979-7407-9517-4E60-31BEDAE7B86E" referredColumn="AA2A1E06-3805-7390-64A8-E33456AAA30D"/>
</associations>
</Column>
<Column name="MODELO_id_modelo" id="B7437529-B605-E83A-322B-BC92BE377F48">
<createdBy>Citt</createdBy>
<createdTime>2025-05-16 17:18:20 UTC</createdTime>
<generatorID>3C5D37DD-2D85-8F12-6DEE-0D78857D3F40</generatorID>
<ownerDesignName>beta_base</ownerDesignName>
<useDomainConstraints>false</useDomainConstraints>
<use>1</use>
<logicalDatatype>LOGDT011</logicalDatatype>
<ownDataTypeParameters>,,</ownDataTypeParameters>
<previousColumn>false</previousColumn>
<autoIncrementCycle>false</autoIncrementCycle>
<associations>
<colAssociation fkAssociation="DAD032B5-5866-52A8-3109-8685E1407C83" referredColumn="7641A976-B3A4-EB33-824A-8FB26E56B1E2"/>
</associations>
</Column>
<Column name="nombre" id="EAB17831-AAEE-D3E0-70CF-05D268F79C89">
<createdBy>Citt</createdBy>
<createdTime>2025-05-16 17:18:20 UTC</createdTime>
<generatorID>6C7C1E1A-2E0F-DCAD-6A04-EEF6DB235EB5</generatorID>
<ownerDesignName>beta_base</ownerDesignName>
<useDomainConstraints>false</useDomainConstraints>
<use>1</use>
<logicalDatatype>LOGDT024</logicalDatatype>
<dataTypeSize>20</dataTypeSize>
<ownDataTypeParameters>20,,</ownDataTypeParameters>
<autoIncrementCycle>false</autoIncrementCycle>
</Column>
<Column name="p_venta" id="198F1800-6963-BD49-0387-85A882E1E63D">
<createdBy>Citt</createdBy>
<createdTime>2025-05-16 17:18:20 UTC</createdTime>
<generatorID>FF6F2809-AC17-9524-9824-810C4BB800F3</generatorID>
<ownerDesignName>beta_base</ownerDesignName>
<nullsAllowed>true</nullsAllowed>
<useDomainConstraints>false</useDomainConstraints>
<use>1</use>
<logicalDatatype>LOGDT011</logicalDatatype>
<ownDataTypeParameters>,,</ownDataTypeParameters>
<autoIncrementCycle>false</autoIncrementCycle>
</Column>
<Column name="p_arriendo" id="A8E55675-E2BA-B0B4-6414-DFBE1CF81B8D">
<createdBy>Citt</createdBy>
<createdTime>2025-05-16 17:18:20 UTC</createdTime>
<generatorID>F7EB4660-2F1B-B695-A74C-6CC87B2D1B73</generatorID>
<ownerDesignName>beta_base</ownerDesignName>
<nullsAllowed>true</nullsAllowed>
<useDomainConstraints>false</useDomainConstraints>
<use>1</use>
<logicalDatatype>LOGDT011</logicalDatatype>
<ownDataTypeParameters>,,</ownDataTypeParameters>
<autoIncrementCycle>false</autoIncrementCycle>
</Column>
<Column name="patente" id="51AEA6EC-E960-623A-2226-101C81428DEF">
<createdBy>Citt</createdBy>
<createdTime>2025-05-16 17:18:20 UTC</createdTime>
<generatorID>8F223A05-1281-A855-93C7-CF00F801B1DE</generatorID>
<ownerDesignName>beta_base</ownerDesignName>
<useDomainConstraints>false</useDomainConstraints>
<use>1</use>
<logicalDatatype>LOGDT024</logicalDatatype>
<dataTypeSize>6</dataTypeSize>
<ownDataTypeParameters>6,,</ownDataTypeParameters>
<autoIncrementCycle>false</autoIncrementCycle>
</Column>
<Column name="reseña" id="B23C7467-B0D4-1BE2-EA9D-BC34ABACB4D6">
<createdBy>Citt</createdBy>
<createdTime>2025-05-16 17:18:20 UTC</createdTime>
<generatorID>C2ED658B-E96B-CC75-C393-048D080EEF6E</generatorID>
<ownerDesignName>beta_base</ownerDesignName>
<nullsAllowed>true</nullsAllowed>
<useDomainConstraints>false</useDomainConstraints>
<use>1</use>
<logicalDatatype>LOGDT024</logicalDatatype>
<dataTypeSize>200</dataTypeSize>
<ownDataTypeParameters>200,,</ownDataTypeParameters>
<autoIncrementCycle>false</autoIncrementCycle>
</Column>
</columns>
<indexes itemClass="oracle.dbtools.crest.model.design.relational.Index">
<ind_PK_UK id="9B14C64A-8AF9-01AB-7DF8-AF2741A81D7F" name="EQUIPO_PK">
<createdBy>Citt</createdBy>
<createdTime>2025-05-16 17:18:20 UTC</createdTime>
<generatorID>2F889425-2885-FE03-1BCD-3ABC6901FEDF</generatorID>
<ownerDesignName>beta_base</ownerDesignName>
<pk>true</pk>
<indexState>Primary Constraint</indexState>
<isSurrogateKey>false</isSurrogateKey>
<indexColumnUsage>
<colUsage columnID="B7437529-B605-E83A-322B-BC92BE377F48"/>
</indexColumnUsage>
</ind_PK_UK>
<ind_PK_UK id="0DB36B32-1E32-0575-7F8A-3F24629AE6C0" name="EQUIPO_ESTADO_FK">
<createdBy>Citt</createdBy>
<createdTime>2025-05-16 17:18:20 UTC</createdTime>
<generatorID>1283073B-22EA-6273-B643-28983AE7EA9A</generatorID>
<ownerDesignName>beta_base</ownerDesignName>
<indexState>Foreign Key</indexState>
<isSurrogateKey>false</isSurrogateKey>
<indexColumnUsage>
<colUsage columnID="A96BA9D7-3E0B-5A54-EE22-34D3EC8AA5E0"/>
</indexColumnUsage>
</ind_PK_UK>
<ind_PK_UK id="7656F401-DC04-D0AA-B779-4FE1CDAF7531" name="EQUIPO_MODELO_FK">
<createdBy>Citt</createdBy>
<createdTime>2025-05-16 17:18:20 UTC</createdTime>
<generatorID>E6B83343-0E6C-0E8F-081E-A83643D8600F</generatorID>
<ownerDesignName>beta_base</ownerDesignName>
<indexState>Foreign Key</indexState>
<isSurrogateKey>false</isSurrogateKey>
<indexColumnUsage>
<colUsage columnID="B7437529-B605-E83A-322B-BC92BE377F48"/>
</indexColumnUsage>
</ind_PK_UK>
</indexes>
</Table>