<?xml version = '1.0' encoding = 'UTF-8'?>
<Table class="oracle.dbtools.crest.model.design.relational.Table" directorySegmentName="seg_0" id="D1FA1841-B28D-7234-0DCA-7EF0A9FADE4F" name="MODELO">
<createdBy>Citt</createdBy>
<createdTime>2025-05-16 17:18:20 UTC</createdTime>
<generatorID>5E5346DD-BC86-6343-AA01-1F7BEDA98F6E</generatorID>
<ownerDesignName>beta_base</ownerDesignName>
<allowColumnReorder>false</allowColumnReorder>
<existDependencyGenerateInDDl>true</existDependencyGenerateInDDl>
<parsed>true</parsed>
<columns itemClass="oracle.dbtools.crest.model.design.relational.Column">
<Column name="id_modelo" id="7641A976-B3A4-EB33-824A-8FB26E56B1E2">
<createdBy>Citt</createdBy>
<createdTime>2025-05-16 17:18:20 UTC</createdTime>
<generatorID>5272628F-15DD-FD66-8CDB-ABA916FE549A</generatorID>
<ownerDesignName>beta_base</ownerDesignName>
<useDomainConstraints>false</useDomainConstraints>
<use>1</use>
<logicalDatatype>LOGDT011</logicalDatatype>
<ownDataTypeParameters>,,</ownDataTypeParameters>
<autoIncrementCycle>false</autoIncrementCycle>
</Column>
<Column name="nombre" id="F1C6765F-5C59-6757-6659-C7A960BAA114">
<createdBy>Citt</createdBy>
<createdTime>2025-05-16 17:18:20 UTC</createdTime>
<generatorID>6732618A-3EB5-E9D5-6070-63F5594D7A70</generatorID>
<ownerDesignName>beta_base</ownerDesignName>
<useDomainConstraints>false</useDomainConstraints>
<use>1</use>
<logicalDatatype>LOGDT024</logicalDatatype>
<dataTypeSize>10</dataTypeSize>
<ownDataTypeParameters>10,,</ownDataTypeParameters>
<autoIncrementCycle>false</autoIncrementCycle>
</Column>
<Column name="MARCA_id_marca" id="DD49170A-F17E-1CB7-E25B-72A0828E6B09">
<createdBy>Citt</createdBy>
<createdTime>2025-05-16 17:18:20 UTC</createdTime>
<generatorID>42C47FE0-17B0-C9A1-D94C-BB077E146EEB</generatorID>
<ownerDesignName>beta_base</ownerDesignName>
<useDomainConstraints>false</useDomainConstraints>
<use>1</use>
<logicalDatatype>LOGDT011</logicalDatatype>
<ownDataTypeParameters>,,</ownDataTypeParameters>
<previousColumn>false</previousColumn>
<autoIncrementCycle>false</autoIncrementCycle>
<associations>
<colAssociation fkAssociation="A3D76CB8-41F8-2532-2690-B082DA3B85EA" referredColumn="37FEB146-778D-B6AD-D329-1F5FD4A9562E"/>
</associations>
</Column>
</columns>
<indexes itemClass="oracle.dbtools.crest.model.design.relational.Index">
<ind_PK_UK id="4437E2CE-4B27-8BC2-83C2-0F112662E490" name="MODELO_PK">
<createdBy>Citt</createdBy>
<createdTime>2025-05-16 17:18:20 UTC</createdTime>
<generatorID>A7AEBA37-22D7-19DA-43AE-F4AFBD19D9E9</generatorID>
<ownerDesignName>beta_base</ownerDesignName>
<pk>true</pk>
<indexState>Primary Constraint</indexState>
<isSurrogateKey>false</isSurrogateKey>
<indexColumnUsage>
<colUsage columnID="7641A976-B3A4-EB33-824A-8FB26E56B1E2"/>
</indexColumnUsage>
</ind_PK_UK>
<ind_PK_UK id="442F6AF6-CB53-BEA5-9AD5-BDC752BBC819" name="MODELO_MARCA_FK">
<createdBy>Citt</createdBy>
<createdTime>2025-05-16 17:18:20 UTC</createdTime>
<generatorID>25820688-ED58-840F-B5DF-1BBF680253AD</generatorID>
<ownerDesignName>beta_base</ownerDesignName>
<indexState>Foreign Key</indexState>
<isSurrogateKey>false</isSurrogateKey>
<indexColumnUsage>
<colUsage columnID="DD49170A-F17E-1CB7-E25B-72A0828E6B09"/>
</indexColumnUsage>
</ind_PK_UK>
</indexes>
</Table>