<?xml version = '1.0' encoding = 'UTF-8'?>
<Table class="oracle.dbtools.crest.model.design.relational.Table" directorySegmentName="seg_0" id="E1C063D8-89BC-0914-D65F-0DE743B0ED92" name="SEGUIMIENTO">
<createdBy>Citt</createdBy>
<createdTime>2025-05-16 17:18:20 UTC</createdTime>
<generatorID>6238CB4B-E149-04F8-3DAB-CE9D093E6FEC</generatorID>
<ownerDesignName>beta_base</ownerDesignName>
<allowColumnReorder>false</allowColumnReorder>
<existDependencyGenerateInDDl>true</existDependencyGenerateInDDl>
<parsed>true</parsed>
<columns itemClass="oracle.dbtools.crest.model.design.relational.Column">
<Column name="id_seguimiento" id="471A2A51-CB29-5A65-EEA4-7F01194BF73A">
<createdBy>Citt</createdBy>
<createdTime>2025-05-16 17:18:20 UTC</createdTime>
<generatorID>D8831CA5-D69F-EDF5-BD41-1EFE0980ADEF</generatorID>
<ownerDesignName>beta_base</ownerDesignName>
<useDomainConstraints>false</useDomainConstraints>
<use>1</use>
<logicalDatatype>LOGDT011</logicalDatatype>
<ownDataTypeParameters>,,</ownDataTypeParameters>
<autoIncrementCycle>false</autoIncrementCycle>
</Column>
<Column name="observacion" id="63C53887-AF44-8A11-09C1-7C092030C770">
<createdBy>Citt</createdBy>
<createdTime>2025-05-16 17:18:20 UTC</createdTime>
<generatorID>1EAF84E1-8D42-71DC-EBE2-9FB549D9CAE6</generatorID>
<ownerDesignName>beta_base</ownerDesignName>
<nullsAllowed>true</nullsAllowed>
<useDomainConstraints>false</useDomainConstraints>
<use>1</use>
<logicalDatatype>LOGDT024</logicalDatatype>
<dataTypeSize>100</dataTypeSize>
<ownDataTypeParameters>100,,</ownDataTypeParameters>
<autoIncrementCycle>false</autoIncrementCycle>
</Column>
<Column name="MANTENCION_id_mantencion" id="2A5E72D5-46BA-9D1C-0CC7-797D607D8A28">
<createdBy>Citt</createdBy>
<createdTime>2025-05-16 17:18:20 UTC</createdTime>
<generatorID>A98CF3F2-A466-AF46-3792-9E4AF7D2511B</generatorID>
<ownerDesignName>beta_base</ownerDesignName>
<useDomainConstraints>false</useDomainConstraints>
<use>1</use>
<logicalDatatype>LOGDT011</logicalDatatype>
<ownDataTypeParameters>,,</ownDataTypeParameters>
<previousColumn>false</previousColumn>
<autoIncrementCycle>false</autoIncrementCycle>
<associations>
<colAssociation fkAssociation="53513390-ECF7-D6D7-F739-1569566484B0" referredColumn="4CC958A9-CACD-1F54-A3C2-AF016EDBBD1F"/>
</associations>
</Column>
<Column name="EQUIPO_id_modelo" id="2D0208BB-87BC-D6FA-C76B-0CA78818B68A">
<createdBy>Citt</createdBy>
<createdTime>2025-05-16 17:18:20 UTC</createdTime>
<generatorID>B146CECF-2BEE-5A1F-EEB8-C7208E02A1A6</generatorID>
<ownerDesignName>beta_base</ownerDesignName>
<useDomainConstraints>false</useDomainConstraints>
<use>1</use>
<logicalDatatype>LOGDT011</logicalDatatype>
<ownDataTypeParameters>,,</ownDataTypeParameters>
<previousColumn>false</previousColumn>
<autoIncrementCycle>false</autoIncrementCycle>
<associations>
<colAssociation fkAssociation="4F97934A-1EF9-7CF3-D213-DF0BDB905DFF" referredColumn="B7437529-B605-E83A-322B-BC92BE377F48"/>
</associations>
</Column>
<Column name="fecha_actualizacion" id="C96A9B78-9C07-2277-B46F-44A44D968A67">
<createdBy>Citt</createdBy>
<createdTime>2025-05-16 17:18:20 UTC</createdTime>
<generatorID>B0B92229-11AF-DF4E-729D-B4866F314FC4</generatorID>
<ownerDesignName>beta_base</ownerDesignName>
<useDomainConstraints>false</useDomainConstraints>
<use>1</use>
<logicalDatatype>LOGDT007</logicalDatatype>
<ownDataTypeParameters>,,</ownDataTypeParameters>
<autoIncrementCycle>false</autoIncrementCycle>
</Column>
</columns>
<indexes itemClass="oracle.dbtools.crest.model.design.relational.Index">
<ind_PK_UK id="25EB3E44-BE1F-ADF3-78F1-F45BB3C49046" name="SEGUIMIENTO_PK">
<createdBy>Citt</createdBy>
<createdTime>2025-05-16 17:18:20 UTC</createdTime>
<generatorID>0EB7749E-3F9C-B3A7-9F12-780AA5F3B007</generatorID>
<ownerDesignName>beta_base</ownerDesignName>
<pk>true</pk>
<indexState>Primary Constraint</indexState>
<isSurrogateKey>false</isSurrogateKey>
<indexColumnUsage>
<colUsage columnID="471A2A51-CB29-5A65-EEA4-7F01194BF73A"/>
</indexColumnUsage>
</ind_PK_UK>
<ind_PK_UK id="D2613F61-A95A-E58B-7176-EF04D37F13FA" name="SEGUIMIENTO_EQUIPO_FK">
<createdBy>Citt</createdBy>
<createdTime>2025-05-16 17:18:20 UTC</createdTime>
<generatorID>DCFD613B-9ACB-F0C4-F085-F21148AF50FD</generatorID>
<ownerDesignName>beta_base</ownerDesignName>
<indexState>Foreign Key</indexState>
<isSurrogateKey>false</isSurrogateKey>
<indexColumnUsage>
<colUsage columnID="2D0208BB-87BC-D6FA-C76B-0CA78818B68A"/>
</indexColumnUsage>
</ind_PK_UK>
<ind_PK_UK id="AF5FC726-107C-703B-E239-AD9E4BC6BE80" name="SEGUIMIENTO_MANTENCION_FK">
<createdBy>Citt</createdBy>
<createdTime>2025-05-16 17:18:20 UTC</createdTime>
<generatorID>363303BE-2D7C-737D-6834-47228D9D6623</generatorID>
<ownerDesignName>beta_base</ownerDesignName>
<indexState>Foreign Key</indexState>
<isSurrogateKey>false</isSurrogateKey>
<indexColumnUsage>
<colUsage columnID="2A5E72D5-46BA-9D1C-0CC7-797D607D8A28"/>
</indexColumnUsage>
</ind_PK_UK>
</indexes>
</Table>