<?xml version = '1.0' encoding = 'UTF-8'?>
<Table class="oracle.dbtools.crest.model.design.relational.Table" directorySegmentName="seg_0" id="EC177AA3-E524-E06F-4551-2CF688FF0B11" name="DETALLE_VENTA">
<createdBy>Citt</createdBy>
<createdTime>2025-05-16 17:18:20 UTC</createdTime>
<generatorID>7A66E4B2-788C-5EFB-AB3E-90EEE9802F98</generatorID>
<ownerDesignName>beta_base</ownerDesignName>
<allowColumnReorder>false</allowColumnReorder>
<existDependencyGenerateInDDl>true</existDependencyGenerateInDDl>
<parsed>true</parsed>
<columns itemClass="oracle.dbtools.crest.model.design.relational.Column">
<Column name="id_detalle_venta" id="8BBDDDC3-9A18-032C-7644-F8562AA5C402">
<createdBy>Citt</createdBy>
<createdTime>2025-05-16 17:18:20 UTC</createdTime>
<generatorID>3BBB958C-1E60-764A-568F-D904D7BFA092</generatorID>
<ownerDesignName>beta_base</ownerDesignName>
<useDomainConstraints>false</useDomainConstraints>
<use>1</use>
<logicalDatatype>LOGDT011</logicalDatatype>
<ownDataTypeParameters>,,</ownDataTypeParameters>
<autoIncrementCycle>false</autoIncrementCycle>
</Column>
<Column name="cantidad" id="C5F6036B-26D7-9147-650F-0530F374BCFA">
<createdBy>Citt</createdBy>
<createdTime>2025-05-16 17:18:20 UTC</createdTime>
<generatorID>9209B076-7ABC-CF93-BAA4-4EBE2264774D</generatorID>
<ownerDesignName>beta_base</ownerDesignName>
<useDomainConstraints>false</useDomainConstraints>
<use>1</use>
<logicalDatatype>LOGDT011</logicalDatatype>
<ownDataTypeParameters>,,</ownDataTypeParameters>
<autoIncrementCycle>false</autoIncrementCycle>
</Column>
<Column name="subtotal" id="9077078A-F126-FF9E-6EDC-F9D778460933">
<createdBy>Citt</createdBy>
<createdTime>2025-05-16 17:18:20 UTC</createdTime>
<generatorID>1E157A27-D193-3193-B7CE-CB80A97AC8AE</generatorID>
<ownerDesignName>beta_base</ownerDesignName>
<nullsAllowed>true</nullsAllowed>
<useDomainConstraints>false</useDomainConstraints>
<use>1</use>
<logicalDatatype>LOGDT011</logicalDatatype>
<ownDataTypeParameters>,,</ownDataTypeParameters>
<autoIncrementCycle>false</autoIncrementCycle>
</Column>
<Column name="VENTA_id_solicitud" id="A7315915-EC22-CEE4-0A2C-1A5A05F51D4A">
<createdBy>Citt</createdBy>
<createdTime>2025-05-16 17:18:20 UTC</createdTime>
<generatorID>4A4BE661-2C88-32DC-27D9-2C74A679058E</generatorID>
<ownerDesignName>beta_base</ownerDesignName>
<useDomainConstraints>false</useDomainConstraints>
<use>1</use>
<logicalDatatype>LOGDT011</logicalDatatype>
<ownDataTypeParameters>,,</ownDataTypeParameters>
<previousColumn>false</previousColumn>
<autoIncrementCycle>false</autoIncrementCycle>
<associations>
<colAssociation fkAssociation="AE737E35-DD42-420A-FE11-D9335BAEB2B0" referredColumn="B0BCAF78-AD86-F4C6-FE06-EEC8A635A7C0"/>
</associations>
</Column>
<Column name="EQUIPO_id_modelo" id="B7D550B8-B468-973C-9D1D-6DAC56F5D7DD">
<createdBy>Citt</createdBy>
<createdTime>2025-05-16 17:18:20 UTC</createdTime>
<generatorID>676229B2-1990-5A1F-0254-8AFF63BCC801</generatorID>
<ownerDesignName>beta_base</ownerDesignName>
<useDomainConstraints>false</useDomainConstraints>
<use>1</use>
<logicalDatatype>LOGDT011</logicalDatatype>
<ownDataTypeParameters>,,</ownDataTypeParameters>
<previousColumn>false</previousColumn>
<autoIncrementCycle>false</autoIncrementCycle>
<associations>
<colAssociation fkAssociation="31A446C5-1AFD-27B5-9956-4CF627E4AAE1" referredColumn="B7437529-B605-E83A-322B-BC92BE377F48"/>
</associations>
</Column>
</columns>
<indexes itemClass="oracle.dbtools.crest.model.design.relational.Index">
<ind_PK_UK id="B4F0152F-6E0D-2562-E6EC-A7C133D34E21" name="DETALLE_VENTA_PK">
<createdBy>Citt</createdBy>
<createdTime>2025-05-16 17:18:20 UTC</createdTime>
<generatorID>E322DD9F-81E0-4458-008E-EC7C81756E97</generatorID>
<ownerDesignName>beta_base</ownerDesignName>
<pk>true</pk>
<indexState>Primary Constraint</indexState>
<isSurrogateKey>false</isSurrogateKey>
<indexColumnUsage>
<colUsage columnID="8BBDDDC3-9A18-032C-7644-F8562AA5C402"/>
<colUsage columnID="A7315915-EC22-CEE4-0A2C-1A5A05F51D4A"/>
<colUsage columnID="B7D550B8-B468-973C-9D1D-6DAC56F5D7DD"/>
</indexColumnUsage>
</ind_PK_UK>
<ind_PK_UK id="3B22E32A-89D4-4BC2-D2F1-DED8FE8A0353" name="DETALLE_VENTA_VENTA_FK">
<createdBy>Citt</createdBy>
<createdTime>2025-05-16 17:18:20 UTC</createdTime>
<generatorID>538D3E4D-7A41-AB1D-02E2-0C77E613CBFB</generatorID>
<ownerDesignName>beta_base</ownerDesignName>
<indexState>Foreign Key</indexState>
<isSurrogateKey>false</isSurrogateKey>
<indexColumnUsage>
<colUsage columnID="A7315915-EC22-CEE4-0A2C-1A5A05F51D4A"/>
</indexColumnUsage>
</ind_PK_UK>
<ind_PK_UK id="5A8192A2-6283-165A-1C6C-A5BA2F8A6BD7" name="DETALLE_VENTA_EQUIPO_FK">
<createdBy>Citt</createdBy>
<createdTime>2025-05-16 17:18:20 UTC</createdTime>
<generatorID>645D80D7-14E5-488E-64BD-788EB9573F41</generatorID>
<ownerDesignName>beta_base</ownerDesignName>
<indexState>Foreign Key</indexState>
<isSurrogateKey>false</isSurrogateKey>
<indexColumnUsage>
<colUsage columnID="B7D550B8-B468-973C-9D1D-6DAC56F5D7DD"/>
</indexColumnUsage>
</ind_PK_UK>
</indexes>
</Table>