<?xml version = '1.0' encoding = 'UTF-8'?>
<Table class="oracle.dbtools.crest.model.design.relational.Table" directorySegmentName="seg_0" id="F6BD3693-0CE8-8C18-7043-F4944D7E90A8" name="TICKET">
<createdBy>Citt</createdBy>
<createdTime>2025-05-16 17:18:20 UTC</createdTime>
<generatorID>5C75E038-6878-A2E4-2404-4B1BF1AA4520</generatorID>
<ownerDesignName>beta_base</ownerDesignName>
<allowColumnReorder>false</allowColumnReorder>
<existDependencyGenerateInDDl>true</existDependencyGenerateInDDl>
<parsed>true</parsed>
<columns itemClass="oracle.dbtools.crest.model.design.relational.Column">
<Column name="USUARIO_id_usuario" id="377A6800-AC2A-5DF3-7B42-E8DA2D9FB4ED">
<createdBy>Citt</createdBy>
<createdTime>2025-05-16 17:18:20 UTC</createdTime>
<generatorID>6507BB53-7864-C016-3697-14955EAF839E</generatorID>
<ownerDesignName>beta_base</ownerDesignName>
<useDomainConstraints>false</useDomainConstraints>
<use>1</use>
<logicalDatatype>LOGDT011</logicalDatatype>
<ownDataTypeParameters>,,</ownDataTypeParameters>
<previousColumn>false</previousColumn>
<autoIncrementCycle>false</autoIncrementCycle>
<associations>
<colAssociation fkAssociation="EFB23FC9-3D7F-0443-B176-8275C39A794D" referredColumn="A8B21083-CDEA-6DC3-FA5E-AAD8964A20F1"/>
</associations>
</Column>
<Column name="id_ticket" id="DA92C3F4-7DF0-DE18-8A56-9B838983B635">
<createdBy>Citt</createdBy>
<createdTime>2025-05-16 17:18:20 UTC</createdTime>
<generatorID>834AD2B7-2CBB-EA29-27AF-C47AE2C892ED</generatorID>
<ownerDesignName>beta_base</ownerDesignName>
<useDomainConstraints>false</useDomainConstraints>
<use>1</use>
<logicalDatatype>LOGDT011</logicalDatatype>
<ownDataTypeParameters>,,</ownDataTypeParameters>
<autoIncrementCycle>false</autoIncrementCycle>
</Column>
<Column name="fec_inicio" id="65CA4F3C-28D4-0CD1-3313-C651284C988D">
<createdBy>Citt</createdBy>
<createdTime>2025-05-16 17:18:20 UTC</createdTime>
<generatorID>429FA281-491E-8B85-9DF3-BCAD63F6AEA6</generatorID>
<ownerDesignName>beta_base</ownerDesignName>
<useDomainConstraints>false</useDomainConstraints>
<use>1</use>
<logicalDatatype>LOGDT007</logicalDatatype>
<ownDataTypeParameters>,,</ownDataTypeParameters>
<autoIncrementCycle>false</autoIncrementCycle>
</Column>
<Column name="fec_cierre" id="F9A2957C-E7B4-E657-EE07-B42B7CB77E00">
<createdBy>Citt</createdBy>
<createdTime>2025-05-16 17:18:20 UTC</createdTime>
<generatorID>83023EEC-D75C-3A0B-FCD9-460AC2AC43BD</generatorID>
<ownerDesignName>beta_base</ownerDesignName>
<nullsAllowed>true</nullsAllowed>
<useDomainConstraints>false</useDomainConstraints>
<use>1</use>
<logicalDatatype>LOGDT007</logicalDatatype>
<ownDataTypeParameters>,,</ownDataTypeParameters>
<autoIncrementCycle>false</autoIncrementCycle>
</Column>
<Column name="descripcion" id="20B083F9-0EF4-E62E-98EE-EF3C5735FADC">
<createdBy>Citt</createdBy>
<createdTime>2025-05-16 17:18:20 UTC</createdTime>
<generatorID>237780A9-FC9E-7316-E433-0DFE5EC47A57</generatorID>
<ownerDesignName>beta_base</ownerDesignName>
<nullsAllowed>true</nullsAllowed>
<useDomainConstraints>false</useDomainConstraints>
<use>1</use>
<logicalDatatype>LOGDT024</logicalDatatype>
<dataTypeSize>100</dataTypeSize>
<ownDataTypeParameters>100,,</ownDataTypeParameters>
<autoIncrementCycle>false</autoIncrementCycle>
</Column>
</columns>
<indexes itemClass="oracle.dbtools.crest.model.design.relational.Index">
<ind_PK_UK id="111B4930-0EAF-062B-D62C-F3FDCC65D2F9" name="TICKET_PK">
<createdBy>Citt</createdBy>
<createdTime>2025-05-16 17:18:20 UTC</createdTime>
<generatorID>12FE3AB2-1985-FD56-89CE-1FBE5DB7603D</generatorID>
<ownerDesignName>beta_base</ownerDesignName>
<pk>true</pk>
<indexState>Primary Constraint</indexState>
<isSurrogateKey>false</isSurrogateKey>
<indexColumnUsage>
<colUsage columnID="DA92C3F4-7DF0-DE18-8A56-9B838983B635"/>
</indexColumnUsage>
</ind_PK_UK>
<ind_PK_UK id="1DCB10A2-C6AE-6A45-E8AB-41E09CCFF34D" name="TICKET_USUARIO_FK">
<createdBy>Citt</createdBy>
<createdTime>2025-05-16 17:18:20 UTC</createdTime>
<generatorID>EE48445B-C4A8-0724-3B52-AB57E5774AD7</generatorID>
<ownerDesignName>beta_base</ownerDesignName>
<indexState>Foreign Key</indexState>
<isSurrogateKey>false</isSurrogateKey>
<indexColumnUsage>
<colUsage columnID="377A6800-AC2A-5DF3-7B42-E8DA2D9FB4ED"/>
</indexColumnUsage>
</ind_PK_UK>
</indexes>
</Table>