<?xml version = '1.0' encoding = 'UTF-8'?>
<Table class="oracle.dbtools.crest.model.design.relational.Table" directorySegmentName="seg_0" id="FC2AA750-AEAD-B5FB-4E1A-8C06A3C7E1BD" name="MANTENCION">
<createdBy>Citt</createdBy>
<createdTime>2025-05-16 17:18:20 UTC</createdTime>
<generatorID>678B05E7-6758-71FC-3AEB-6A101933DBD3</generatorID>
<ownerDesignName>beta_base</ownerDesignName>
<allowColumnReorder>false</allowColumnReorder>
<existDependencyGenerateInDDl>true</existDependencyGenerateInDDl>
<parsed>true</parsed>
<columns itemClass="oracle.dbtools.crest.model.design.relational.Column">
<Column name="id_mantencion" id="4CC958A9-CACD-1F54-A3C2-AF016EDBBD1F">
<createdBy>Citt</createdBy>
<createdTime>2025-05-16 17:18:20 UTC</createdTime>
<generatorID>20F9288B-79F2-875D-75DF-A99D79753B98</generatorID>
<ownerDesignName>beta_base</ownerDesignName>
<useDomainConstraints>false</useDomainConstraints>
<use>1</use>
<logicalDatatype>LOGDT011</logicalDatatype>
<ownDataTypeParameters>,,</ownDataTypeParameters>
<autoIncrementCycle>false</autoIncrementCycle>
</Column>
<Column name="nombre" id="5592C0A7-A3F9-FD75-D0C8-341BB9455360">
<createdBy>Citt</createdBy>
<createdTime>2025-05-16 17:18:20 UTC</createdTime>
<generatorID>C16AD52E-D651-4C69-94A9-D04B970E6234</generatorID>
<ownerDesignName>beta_base</ownerDesignName>
<useDomainConstraints>false</useDomainConstraints>
<use>1</use>
<logicalDatatype>LOGDT024</logicalDatatype>
<dataTypeSize>10</dataTypeSize>
<ownDataTypeParameters>10,,</ownDataTypeParameters>
<autoIncrementCycle>false</autoIncrementCycle>
</Column>
<Column name="descripcion" id="A817FB54-7044-328A-3C63-1198F8C7F7D2">
<createdBy>Citt</createdBy>
<createdTime>2025-05-16 17:18:20 UTC</createdTime>
<generatorID>B20EA01E-DB16-E15F-16F0-B091FFE2941A</generatorID>
<ownerDesignName>beta_base</ownerDesignName>
<nullsAllowed>true</nullsAllowed>
<useDomainConstraints>false</useDomainConstraints>
<use>1</use>
<logicalDatatype>LOGDT024</logicalDatatype>
<dataTypeSize>100</dataTypeSize>
<ownDataTypeParameters>100,,</ownDataTypeParameters>
<autoIncrementCycle>false</autoIncrementCycle>
</Column>
</columns>
<indexes itemClass="oracle.dbtools.crest.model.design.relational.Index">
<ind_PK_UK id="2FA2D359-2E6A-30A6-38EE-A4A140A22BD2" name="MANTENCION_PK">
<createdBy>Citt</createdBy>
<createdTime>2025-05-16 17:18:20 UTC</createdTime>
<generatorID>AB076FB4-50B9-07AB-200D-6ECECC2C8978</generatorID>
<ownerDesignName>beta_base</ownerDesignName>
<pk>true</pk>
<indexState>Primary Constraint</indexState>
<isSurrogateKey>false</isSurrogateKey>
<indexColumnUsage>
<colUsage columnID="4CC958A9-CACD-1F54-A3C2-AF016EDBBD1F"/>
</indexColumnUsage>
</ind_PK_UK>
</indexes>
</Table>